-2147478148,-2146434707,-2145309909
-2147478148,-2146428142,-2144357080
-2147478148,-2146421577,-2144452827
-2147478148,-2146415012,-2144548574
-2147478148,-2146325493,-2145087015
-2147478148,-2146318928,-2145182762
-2147478148,-2146312363,-2145278509
-2147478148,-2146305798,-2145374256
-2147478148,-2146299233,-2144421427
-2147478148,-2146292668,-2144517174
-2147478148,-2146209714,-2144959868
-2147478148,-2146203149,-2145055615
-2147478148,-2146196584,-2145151362
-2147478148,-2146190019,-2145247109
-2147478148,-2146183454,-2145342856
-2147478148,-2146176889,-2144390027
-2147478148,-2146093935,-2144832721
-2147478148,-2146087370,-2144928468
-2147478148,-2146080805,-2145024215
-2147478148,-2146074240,-2145119962
-2147478148,-2146067675,-2145215709
-2147478148,-2146061110,-2145311456
-2147478148,-2145978156,-2144705574
-2147478148,-2145971591,-2144801321
-2147478148,-2145965026,-2144897068
-2147478148,-2145958461,-2144992815
-2147478148,-2145951896,-2145088562
-2147478148,-2145945331,-2145184309
-2147478148,-2145862377,-2144578427
-2147478148,-2145855812,-2144674174
-2147478148,-2145849247,-2144769921
-2147478148,-2145842682,-2144865668
-2147478148,-2145836117,-2144961415
-2147478148,-2145829552,-2145057162
-2147478148,-2145746598,-2144451280
-2147478148,-2145740033,-2144547027
-2147478148,-2145733468,-2144642774
-2147478148,-2145726903,-2144738521
-2147478148,-2145720338,-2144834268
-2147478148,-2145713773,-2144930015
-2147478148,-2145630819,-2145372709
-2147478148,-2145624254,-2144419880
-2147478148,-2145617689,-2144515627
-2147478148,-2145611124,-2144611374
-2147478148,-2145604559,-2144707121
-2147478148,-2145597994,-2144802868
-2147478148,-2145508475,-2145341309
-2147478148,-2145501910,-2144388480
-2147478148,-2145495345,-2144484227
-2147478148,-2145488780,-2144579974
-2147478148,-2145482215,-2144675721
-2147478148,-2145392696,-2145214162
-2147478148,14605721,14605734
-2147478148,14605722,14605735
-2147478148,14605723,14605736
-2147478148,14605724,14605737
-2147478148,14605725,14605738
-2147478148,14605726,14605739
-2147478148,14605727,14605740
-2147478148,14605728,14605741
-2147478148,14605729,14605742
-2147478148,14605730,14605743
-2147478148,14605731,14605744
-2147478148,14605732,14605745
-2147460555,-2146434707,-2145309909
-2147460555,-2146428142,-2144357080
-2147460555,-2146421577,-2144452827
-2147460555,-2146415012,-2144548574
-2147460555,-2146325493,-2145087015
-2147460555,-2146318928,-2145182762
-2147460555,-2146312363,-2145278509
-2147460555,-2146305798,-2145374256
-2147460555,-2146299233,-2144421427
-2147460555,-2146292668,-2144517174
-2147460555,-2146209714,-2144959868
-2147460555,-2146203149,-2145055615
-2147460555,-2146196584,-2145151362
-2147460555,-2146190019,-2145247109
-2147460555,-2146183454,-2145342856
-2147460555,-2146176889,-2144390027
-2147460555,-2146093935,-2144832721
-2147460555,-2146087370,-2144928468
-2147460555,-2146080805,-2145024215
-2147460555,-2146074240,-2145119962
-2147460555,-2146067675,-2145215709
-2147460555,-2146061110,-2145311456
-2147460555,-2145978156,-2144705574
-2147460555,-2145971591,-2144801321
-2147460555,-2145965026,-2144897068
-2147460555,-2145958461,-2144992815
-2147460555,-2145951896,-2145088562
-2147460555,-2145945331,-2145184309
-2147460555,-2145862377,-2144578427
-2147460555,-2145855812,-2144674174
-2147460555,-2145849247,-2144769921
-2147460555,-2145842682,-2144865668
-2147460555,-2145836117,-2144961415
-2147460555,-2145829552,-2145057162
-2147460555,-2145746598,-2144451280
-2147460555,-2145740033,-2144547027
-2147460555,-2145733468,-2144642774
-2147460555,-2145726903,-2144738521
-2147460555,-2145720338,-2144834268
-2147460555,-2145713773,-2144930015
-2147460555,-2145630819,-2145372709
-2147460555,-2145624254,-2144419880
-2147460555,-2145617689,-2144515627
-2147460555,-2145611124,-2144611374
-2147460555,-2145604559,-2144707121
-2147460555,-2145597994,-2144802868
-2147460555,-2145508475,-2145341309
-2147460555,-2145501910,-2144388480
-2147460555,-2145495345,-2144484227
-2147460555,-2145488780,-2144579974
-2147460555,-2145482215,-2144675721
-2147460555,-2145392696,-2145214162
-2147460555,14605721,14605734
-2147460555,14605722,14605735
-2147460555,14605723,14605736
-2147460555,14605724,14605737
-2147460555,14605725,14605738
-2147460555,14605726,14605739
-2147460555,14605727,14605740
-2147460555,14605728,14605741
-2147460555,14605729,14605742
-2147460555,14605730,14605743
-2147460555,14605731,14605744
-2147460555,14605732,14605745
-2147442962,-2146434707,-2145309909
-2147442962,-2146428142,-2144357080
-2147442962,-2146421577,-2144452827
-2147442962,-2146415012,-2144548574
-2147442962,-2146325493,-2145087015
-2147442962,-2146318928,-2145182762
-2147442962,-2146312363,-2145278509
-2147442962,-2146305798,-2145374256
-2147442962,-2146299233,-2144421427
-2147442962,-2146292668,-2144517174
-2147442962,-2146209714,-2144959868
-2147442962,-2146203149,-2145055615
-2147442962,-2146196584,-2145151362
-2147442962,-2146190019,-2145247109
-2147442962,-2146183454,-2145342856
-2147442962,-2146176889,-2144390027
-2147442962,-2146093935,-2144832721
-2147442962,-2146087370,-2144928468
-2147442962,-2146080805,-2145024215
-2147442962,-2146074240,-2145119962
-2147442962,-2146067675,-2145215709
-2147442962,-2146061110,-2145311456
-2147442962,-2145978156,-2144705574
-2147442962,-2145971591,-2144801321
-2147442962,-2145965026,-2144897068
-2147442962,-2145958461,-2144992815
-2147442962,-2145951896,-2145088562
-2147442962,-2145945331,-2145184309
-2147442962,-2145862377,-2144578427
-2147442962,-2145855812,-2144674174
-2147442962,-2145849247,-2144769921
-2147442962,-2145842682,-2144865668
-2147442962,-2145836117,-2144961415
-2147442962,-2145829552,-2145057162
-2147442962,-2145746598,-2144451280
-2147442962,-2145740033,-2144547027
-2147442962,-2145733468,-2144642774
-2147442962,-2145726903,-2144738521
-2147442962,-2145720338,-2144834268
-2147442962,-2145713773,-2144930015
-2147442962,-2145630819,-2145372709
-2147442962,-2145624254,-2144419880
-2147442962,-2145617689,-2144515627
-2147442962,-2145611124,-2144611374
-2147442962,-2145604559,-2144707121
-2147442962,-2145597994,-2144802868
-2147442962,-2145508475,-2145341309
-2147442962,-2145501910,-2144388480
-2147442962,-2145495345,-2144484227
-2147442962,-2145488780,-2144579974
-2147442962,-2145482215,-2144675721
-2147442962,-2145392696,-2145214162
-2147442962,14605721,14605734
-2147442962,14605722,14605735
-2147442962,14605723,14605736
-2147442962,14605724,14605737
-2147442962,14605725,14605738
-2147442962,14605726,14605739
-2147442962,14605727,14605740
-2147442962,14605728,14605741
-2147442962,14605729,14605742
-2147442962,14605730,14605743
-2147442962,14605731,14605744
-2147442962,14605732,14605745
-2147425369,-2146434707,-2145309909
-2147425369,-2146428142,-2144357080
-2147425369,-2146421577,-2144452827
-2147425369,-2146415012,-2144548574
-2147425369,-2146325493,-2145087015
-2147425369,-2146318928,-2145182762
-2147425369,-2146312363,-2145278509
-2147425369,-2146305798,-2145374256
-2147425369,-2146299233,-2144421427
-2147425369,-2146292668,-2144517174
-2147425369,-2146209714,-2144959868
-2147425369,-2146203149,-2145055615
-2147425369,-2146196584,-2145151362
-2147425369,-2146190019,-2145247109
-2147425369,-2146183454,-2145342856
-2147425369,-2146176889,-2144390027
-2147425369,-2146093935,-2144832721
-2147425369,-2146087370,-2144928468
-2147425369,-2146080805,-2145024215
-2147425369,-2146074240,-2145119962
-2147425369,-2146067675,-2145215709
-2147425369,-2146061110,-2145311456
-2147425369,-2145978156,-2144705574
-2147425369,-2145971591,-2144801321
-2147425369,-2145965026,-2144897068
-2147425369,-2145958461,-2144992815
-2147425369,-2145951896,-2145088562
-2147425369,-2145945331,-2145184309
-2147425369,-2145862377,-2144578427
-2147425369,-2145855812,-2144674174
-2147425369,-2145849247,-2144769921
-2147425369,-2145842682,-2144865668
-2147425369,-2145836117,-2144961415
-2147425369,-2145829552,-2145057162
-2147425369,-2145746598,-2144451280
-2147425369,-2145740033,-2144547027
-2147425369,-2145733468,-2144642774
-2147425369,-2145726903,-2144738521
-2147425369,-2145720338,-2144834268
-2147425369,-2145713773,-2144930015
-2147425369,-2145630819,-2145372709
-2147425369,-2145624254,-2144419880
-2147425369,-2145617689,-2144515627
-2147425369,-2145611124,-2144611374
-2147425369,-2145604559,-2144707121
-2147425369,-2145597994,-2144802868
-2147425369,-2145508475,-2145341309
-2147425369,-2145501910,-2144388480
-2147425369,-2145495345,-2144484227
-2147425369,-2145488780,-2144579974
-2147425369,-2145482215,-2144675721
-2147425369,-2145392696,-2145214162
-2147425369,14605721,14605734
-2147425369,14605722,14605735
-2147425369,14605723,14605736
-2147425369,14605724,14605737
-2147425369,14605725,14605738
-2147425369,14605726,14605739
-2147425369,14605727,14605740
-2147425369,14605728,14605741
-2147425369,14605729,14605742
-2147425369,14605730,14605743
-2147425369,14605731,14605744
-2147425369,14605732,14605745
-2147387621,-2146434707,-2145309909
-2147387621,-2146428142,-2144357080
-2147387621,-2146421577,-2144452827
-2147387621,-2146415012,-2144548574
-2147387621,-2146325493,-2145087015
-2147387621,-2146318928,-2145182762
-2147387621,-2146312363,-2145278509
-2147387621,-2146305798,-2145374256
-2147387621,-2146299233,-2144421427
-2147387621,-2146292668,-2144517174
-2147387621,-2146209714,-2144959868
-2147387621,-2146203149,-2145055615
-2147387621,-2146196584,-2145151362
-2147387621,-2146190019,-2145247109
-2147387621,-2146183454,-2145342856
-2147387621,-2146176889,-2144390027
-2147387621,-2146093935,-2144832721
-2147387621,-2146087370,-2144928468
-2147387621,-2146080805,-2145024215
-2147387621,-2146074240,-2145119962
-2147387621,-2146067675,-2145215709
-2147387621,-2146061110,-2145311456
-2147387621,-2145978156,-2144705574
-2147387621,-2145971591,-2144801321
-2147387621,-2145965026,-2144897068
-2147387621,-2145958461,-2144992815
-2147387621,-2145951896,-2145088562
-2147387621,-2145945331,-2145184309
-2147387621,-2145862377,-2144578427
-2147387621,-2145855812,-2144674174
-2147387621,-2145849247,-2144769921
-2147387621,-2145842682,-2144865668
-2147387621,-2145836117,-2144961415
-2147387621,-2145829552,-2145057162
-2147387621,-2145746598,-2144451280
-2147387621,-2145740033,-2144547027
-2147387621,-2145733468,-2144642774
-2147387621,-2145726903,-2144738521
-2147387621,-2145720338,-2144834268
-2147387621,-2145713773,-2144930015
-2147387621,-2145630819,-2145372709
-2147387621,-2145624254,-2144419880
-2147387621,-2145617689,-2144515627
-2147387621,-2145611124,-2144611374
-2147387621,-2145604559,-2144707121
-2147387621,-2145597994,-2144802868
-2147387621,-2145508475,-2145341309
-2147387621,-2145501910,-2144388480
-2147387621,-2145495345,-2144484227
-2147387621,-2145488780,-2144579974
-2147387621,-2145482215,-2144675721
-2147387621,-2145392696,-2145214162
-2147387621,14605721,14605734
-2147387621,14605722,14605735
-2147387621,14605723,14605736
-2147387621,14605724,14605737
-2147387621,14605725,14605738
-2147387621,14605726,14605739
-2147387621,14605727,14605740
-2147387621,14605728,14605741
-2147387621,14605729,14605742
-2147387621,14605730,14605743
-2147387621,14605731,14605744
-2147387621,14605732,14605745
-2147370028,-2146434707,-2145309909
-2147370028,-2146428142,-2144357080
-2147370028,-2146421577,-2144452827
-2147370028,-2146415012,-2144548574
-2147370028,-2146325493,-2145087015
-2147370028,-2146318928,-2145182762
-2147370028,-2146312363,-2145278509
-2147370028,-2146305798,-2145374256
-2147370028,-2146299233,-2144421427
-2147370028,-2146292668,-2144517174
-2147370028,-2146209714,-2144959868
-2147370028,-2146203149,-2145055615
-2147370028,-2146196584,-2145151362
-2147370028,-2146190019,-2145247109
-2147370028,-2146183454,-2145342856
-2147370028,-2146176889,-2144390027
-2147370028,-2146093935,-2144832721
-2147370028,-2146087370,-2144928468
-2147370028,-2146080805,-2145024215
-2147370028,-2146074240,-2145119962
-2147370028,-2146067675,-2145215709
-2147370028,-2146061110,-2145311456
-2147370028,-2145978156,-2144705574
-2147370028,-2145971591,-2144801321
-2147370028,-2145965026,-2144897068
-2147370028,-2145958461,-2144992815
-2147370028,-2145951896,-2145088562
-2147370028,-2145945331,-2145184309
-2147370028,-2145862377,-2144578427
-2147370028,-2145855812,-2144674174
-2147370028,-2145849247,-2144769921
-2147370028,-2145842682,-2144865668
-2147370028,-2145836117,-2144961415
-2147370028,-2145829552,-2145057162
-2147370028,-2145746598,-2144451280
-2147370028,-2145740033,-2144547027
-2147370028,-2145733468,-2144642774
-2147370028,-2145726903,-2144738521
-2147370028,-2145720338,-2144834268
-2147370028,-2145713773,-2144930015
-2147370028,-2145630819,-2145372709
-2147370028,-2145624254,-2144419880
-2147370028,-2145617689,-2144515627
-2147370028,-2145611124,-2144611374
-2147370028,-2145604559,-2144707121
-2147370028,-2145597994,-2144802868
-2147370028,-2145508475,-2145341309
-2147370028,-2145501910,-2144388480
-2147370028,-2145495345,-2144484227
-2147370028,-2145488780,-2144579974
-2147370028,-2145482215,-2144675721
-2147370028,-2145392696,-2145214162
-2147370028,14605721,14605734
-2147370028,14605722,14605735
-2147370028,14605723,14605736
-2147370028,14605724,14605737
-2147370028,14605725,14605738
-2147370028,14605726,14605739
-2147370028,14605727,14605740
-2147370028,14605728,14605741
-2147370028,14605729,14605742
-2147370028,14605730,14605743
-2147370028,14605731,14605744
-2147370028,14605732,14605745
-2147352435,-2146434707,-2145309909
-2147352435,-2146428142,-2144357080
-2147352435,-2146421577,-2144452827
-2147352435,-2146415012,-2144548574
-2147352435,-2146325493,-2145087015
-2147352435,-2146318928,-2145182762
-2147352435,-2146312363,-2145278509
-2147352435,-2146305798,-2145374256
-2147352435,-2146299233,-2144421427
-2147352435,-2146292668,-2144517174
-2147352435,-2146209714,-2144959868
-2147352435,-2146203149,-2145055615
-2147352435,-2146196584,-2145151362
-2147352435,-2146190019,-2145247109
-2147352435,-2146183454,-2145342856
-2147352435,-2146176889,-2144390027
-2147352435,-2146093935,-2144832721
-2147352435,-2146087370,-2144928468
-2147352435,-2146080805,-2145024215
-2147352435,-2146074240,-2145119962
-2147352435,-2146067675,-2145215709
-2147352435,-2146061110,-2145311456
-2147352435,-2145978156,-2144705574
-2147352435,-2145971591,-2144801321
-2147352435,-2145965026,-2144897068
-2147352435,-2145958461,-2144992815
-2147352435,-2145951896,-2145088562
-2147352435,-2145945331,-2145184309
-2147352435,-2145862377,-2144578427
-2147352435,-2145855812,-2144674174
-2147352435,-2145849247,-2144769921
-2147352435,-2145842682,-2144865668
-2147352435,-2145836117,-2144961415
-2147352435,-2145829552,-2145057162
-2147352435,-2145746598,-2144451280
-2147352435,-2145740033,-2144547027
-2147352435,-2145733468,-2144642774
-2147352435,-2145726903,-2144738521
-2147352435,-2145720338,-2144834268
-2147352435,-2145713773,-2144930015
-2147352435,-2145630819,-2145372709
-2147352435,-2145624254,-2144419880
-2147352435,-2145617689,-2144515627
-2147352435,-2145611124,-2144611374
-2147352435,-2145604559,-2144707121
-2147352435,-2145597994,-2144802868
-2147352435,-2145508475,-2145341309
-2147352435,-2145501910,-2144388480
-2147352435,-2145495345,-2144484227
-2147352435,-2145488780,-2144579974
-2147352435,-2145482215,-2144675721
-2147352435,-2145392696,-2145214162
-2147352435,14605721,14605734
-2147352435,14605722,14605735
-2147352435,14605723,14605736
-2147352435,14605724,14605737
-2147352435,14605725,14605738
-2147352435,14605726,14605739
-2147352435,14605727,14605740
-2147352435,14605728,14605741
-2147352435,14605729,14605742
-2147352435,14605730,14605743
-2147352435,14605731,14605744
-2147352435,14605732,14605745
-2147334842,-2146434707,-2145309909
-2147334842,-2146428142,-2144357080
-2147334842,-2146421577,-2144452827
-2147334842,-2146415012,-2144548574
-2147334842,-2146325493,-2145087015
-2147334842,-2146318928,-2145182762
-2147334842,-2146312363,-2145278509
-2147334842,-2146305798,-2145374256
-2147334842,-2146299233,-2144421427
-2147334842,-2146292668,-2144517174
-2147334842,-2146209714,-2144959868
-2147334842,-2146203149,-2145055615
-2147334842,-2146196584,-2145151362
-2147334842,-2146190019,-2145247109
-2147334842,-2146183454,-2145342856
-2147334842,-2146176889,-2144390027
-2147334842,-2146093935,-2144832721
-2147334842,-2146087370,-2144928468
-2147334842,-2146080805,-2145024215
-2147334842,-2146074240,-2145119962
-2147334842,-2146067675,-2145215709
-2147334842,-2146061110,-2145311456
-2147334842,-2145978156,-2144705574
-2147334842,-2145971591,-2144801321
-2147334842,-2145965026,-2144897068
-2147334842,-2145958461,-2144992815
-2147334842,-2145951896,-2145088562
-2147334842,-2145945331,-2145184309
-2147334842,-2145862377,-2144578427
-2147334842,-2145855812,-2144674174
-2147334842,-2145849247,-2144769921
-2147334842,-2145842682,-2144865668
-2147334842,-2145836117,-2144961415
-2147334842,-2145829552,-2145057162
-2147334842,-2145746598,-2144451280
-2147334842,-2145740033,-2144547027
-2147334842,-2145733468,-2144642774
-2147334842,-2145726903,-2144738521
-2147334842,-2145720338,-2144834268
-2147334842,-2145713773,-2144930015
-2147334842,-2145630819,-2145372709
-2147334842,-2145624254,-2144419880
-2147334842,-2145617689,-2144515627
-2147334842,-2145611124,-2144611374
-2147334842,-2145604559,-2144707121
-2147334842,-2145597994,-2144802868
-2147334842,-2145508475,-2145341309
-2147334842,-2145501910,-2144388480
-2147334842,-2145495345,-2144484227
-2147334842,-2145488780,-2144579974
-2147334842,-2145482215,-2144675721
-2147334842,-2145392696,-2145214162
-2147334842,14605721,14605734
-2147334842,14605722,14605735
-2147334842,14605723,14605736
-2147334842,14605724,14605737
-2147334842,14605725,14605738
-2147334842,14605726,14605739
-2147334842,14605727,14605740
-2147334842,14605728,14605741
-2147334842,14605729,14605742
-2147334842,14605730,14605743
-2147334842,14605731,14605744
-2147334842,14605732,14605745
-2147317249,-2146434707,-2145309909
-2147317249,-2146428142,-2144357080
-2147317249,-2146421577,-2144452827
-2147317249,-2146415012,-2144548574
-2147317249,-2146325493,-2145087015
-2147317249,-2146318928,-2145182762
-2147317249,-2146312363,-2145278509
-2147317249,-2146305798,-2145374256
-2147317249,-2146299233,-2144421427
-2147317249,-2146292668,-2144517174
-2147317249,-2146209714,-2144959868
-2147317249,-2146203149,-2145055615
-2147317249,-2146196584,-2145151362
-2147317249,-2146190019,-2145247109
-2147317249,-2146183454,-2145342856
-2147317249,-2146176889,-2144390027
-2147317249,-2146093935,-2144832721
-2147317249,-2146087370,-2144928468
-2147317249,-2146080805,-2145024215
-2147317249,-2146074240,-2145119962
-2147317249,-2146067675,-2145215709
-2147317249,-2146061110,-2145311456
-2147317249,-2145978156,-2144705574
-2147317249,-2145971591,-2144801321
-2147317249,-2145965026,-2144897068
-2147317249,-2145958461,-2144992815
-2147317249,-2145951896,-2145088562
-2147317249,-2145945331,-2145184309
-2147317249,-2145862377,-2144578427
-2147317249,-2145855812,-2144674174
-2147317249,-2145849247,-2144769921
-2147317249,-2145842682,-2144865668
-2147317249,-2145836117,-2144961415
-2147317249,-2145829552,-2145057162
-2147317249,-2145746598,-2144451280
-2147317249,-2145740033,-2144547027
-2147317249,-2145733468,-2144642774
-2147317249,-2145726903,-2144738521
-2147317249,-2145720338,-2144834268
-2147317249,-2145713773,-2144930015
-2147317249,-2145630819,-2145372709
-2147317249,-2145624254,-2144419880
-2147317249,-2145617689,-2144515627
-2147317249,-2145611124,-2144611374
-2147317249,-2145604559,-2144707121
-2147317249,-2145597994,-2144802868
-2147317249,-2145508475,-2145341309
-2147317249,-2145501910,-2144388480
-2147317249,-2145495345,-2144484227
-2147317249,-2145488780,-2144579974
-2147317249,-2145482215,-2144675721
-2147317249,-2145392696,-2145214162
-2147317249,14605721,14605734
-2147317249,14605722,14605735
-2147317249,14605723,14605736
-2147317249,14605724,14605737
-2147317249,14605725,14605738
-2147317249,14605726,14605739
-2147317249,14605727,14605740
-2147317249,14605728,14605741
-2147317249,14605729,14605742
-2147317249,14605730,14605743
-2147317249,14605731,14605744
-2147317249,14605732,14605745
-2147297094,-2146434707,-2145309909
-2147297094,-2146428142,-2144357080
-2147297094,-2146421577,-2144452827
-2147297094,-2146415012,-2144548574
-2147297094,-2146325493,-2145087015
-2147297094,-2146318928,-2145182762
-2147297094,-2146312363,-2145278509
-2147297094,-2146305798,-2145374256
-2147297094,-2146299233,-2144421427
-2147297094,-2146292668,-2144517174
-2147297094,-2146209714,-2144959868
-2147297094,-2146203149,-2145055615
-2147297094,-2146196584,-2145151362
-2147297094,-2146190019,-2145247109
-2147297094,-2146183454,-2145342856
-2147297094,-2146176889,-2144390027
-2147297094,-2146093935,-2144832721
-2147297094,-2146087370,-2144928468
-2147297094,-2146080805,-2145024215
-2147297094,-2146074240,-2145119962
-2147297094,-2146067675,-2145215709
-2147297094,-2146061110,-2145311456
-2147297094,-2145978156,-2144705574
-2147297094,-2145971591,-2144801321
-2147297094,-2145965026,-2144897068
-2147297094,-2145958461,-2144992815
-2147297094,-2145951896,-2145088562
-2147297094,-2145945331,-2145184309
-2147297094,-2145862377,-2144578427
-2147297094,-2145855812,-2144674174
-2147297094,-2145849247,-2144769921
-2147297094,-2145842682,-2144865668
-2147297094,-2145836117,-2144961415
-2147297094,-2145829552,-2145057162
-2147297094,-2145746598,-2144451280
-2147297094,-2145740033,-2144547027
-2147297094,-2145733468,-2144642774
-2147297094,-2145726903,-2144738521
-2147297094,-2145720338,-2144834268
-2147297094,-2145713773,-2144930015
-2147297094,-2145630819,-2145372709
-2147297094,-2145624254,-2144419880
-2147297094,-2145617689,-2144515627
-2147297094,-2145611124,-2144611374
-2147297094,-2145604559,-2144707121
-2147297094,-2145597994,-2144802868
-2147297094,-2145508475,-2145341309
-2147297094,-2145501910,-2144388480
-2147297094,-2145495345,-2144484227
-2147297094,-2145488780,-2144579974
-2147297094,-2145482215,-2144675721
-2147297094,-2145392696,-2145214162
-2147297094,14605721,14605734
-2147297094,14605722,14605735
-2147297094,14605723,14605736
-2147297094,14605724,14605737
-2147297094,14605725,14605738
-2147297094,14605726,14605739
-2147297094,14605727,14605740
-2147297094,14605728,14605741
-2147297094,14605729,14605742
-2147297094,14605730,14605743
-2147297094,14605731,14605744
-2147297094,14605732,14605745
-2147279501,-2146434707,-2145309909
-2147279501,-2146428142,-2144357080
-2147279501,-2146421577,-2144452827
-2147279501,-2146415012,-2144548574
-2147279501,-2146325493,-2145087015
-2147279501,-2146318928,-2145182762
-2147279501,-2146312363,-2145278509
-2147279501,-2146305798,-2145374256
-2147279501,-2146299233,-2144421427
-2147279501,-2146292668,-2144517174
-2147279501,-2146209714,-2144959868
-2147279501,-2146203149,-2145055615
-2147279501,-2146196584,-2145151362
-2147279501,-2146190019,-2145247109
-2147279501,-2146183454,-2145342856
-2147279501,-2146176889,-2144390027
-2147279501,-2146093935,-2144832721
-2147279501,-2146087370,-2144928468
-2147279501,-2146080805,-2145024215
-2147279501,-2146074240,-2145119962
-2147279501,-2146067675,-2145215709
-2147279501,-2146061110,-2145311456
-2147279501,-2145978156,-2144705574
-2147279501,-2145971591,-2144801321
-2147279501,-2145965026,-2144897068
-2147279501,-2145958461,-2144992815
-2147279501,-2145951896,-2145088562
-2147279501,-2145945331,-2145184309
-2147279501,-2145862377,-2144578427
-2147279501,-2145855812,-2144674174
-2147279501,-2145849247,-2144769921
-2147279501,-2145842682,-2144865668
-2147279501,-2145836117,-2144961415
-2147279501,-2145829552,-2145057162
-2147279501,-2145746598,-2144451280
-2147279501,-2145740033,-2144547027
-2147279501,-2145733468,-2144642774
-2147279501,-2145726903,-2144738521
-2147279501,-2145720338,-2144834268
-2147279501,-2145713773,-2144930015
-2147279501,-2145630819,-2145372709
-2147279501,-2145624254,-2144419880
-2147279501,-2145617689,-2144515627
-2147279501,-2145611124,-2144611374
-2147279501,-2145604559,-2144707121
-2147279501,-2145597994,-2144802868
-2147279501,-2145508475,-2145341309
-2147279501,-2145501910,-2144388480
-2147279501,-2145495345,-2144484227
-2147279501,-2145488780,-2144579974
-2147279501,-2145482215,-2144675721
-2147279501,-2145392696,-2145214162
-2147279501,14605721,14605734
-2147279501,14605722,14605735
-2147279501,14605723,14605736
-2147279501,14605724,14605737
-2147279501,14605725,14605738
-2147279501,14605726,14605739
-2147279501,14605727,14605740
-2147279501,14605728,14605741
-2147279501,14605729,14605742
-2147279501,14605730,14605743
-2147279501,14605731,14605744
-2147279501,14605732,14605745
-2147261908,-2146434707,-2145309909
-2147261908,-2146428142,-2144357080
-2147261908,-2146421577,-2144452827
-2147261908,-2146415012,-2144548574
-2147261908,-2146325493,-2145087015
-2147261908,-2146318928,-2145182762
-2147261908,-2146312363,-2145278509
-2147261908,-2146305798,-2145374256
-2147261908,-2146299233,-2144421427
-2147261908,-2146292668,-2144517174
-2147261908,-2146209714,-2144959868
-2147261908,-2146203149,-2145055615
-2147261908,-2146196584,-2145151362
-2147261908,-2146190019,-2145247109
-2147261908,-2146183454,-2145342856
-2147261908,-2146176889,-2144390027
-2147261908,-2146093935,-2144832721
-2147261908,-2146087370,-2144928468
-2147261908,-2146080805,-2145024215
-2147261908,-2146074240,-2145119962
-2147261908,-2146067675,-2145215709
-2147261908,-2146061110,-2145311456
-2147261908,-2145978156,-2144705574
-2147261908,-2145971591,-2144801321
-2147261908,-2145965026,-2144897068
-2147261908,-2145958461,-2144992815
-2147261908,-2145951896,-2145088562
-2147261908,-2145945331,-2145184309
-2147261908,-2145862377,-2144578427
-2147261908,-2145855812,-2144674174
-2147261908,-2145849247,-2144769921
-2147261908,-2145842682,-2144865668
-2147261908,-2145836117,-2144961415
-2147261908,-2145829552,-2145057162
-2147261908,-2145746598,-2144451280
-2147261908,-2145740033,-2144547027
-2147261908,-2145733468,-2144642774
-2147261908,-2145726903,-2144738521
-2147261908,-2145720338,-2144834268
-2147261908,-2145713773,-2144930015
-2147261908,-2145630819,-2145372709
-2147261908,-2145624254,-2144419880
-2147261908,-2145617689,-2144515627
-2147261908,-2145611124,-2144611374
-2147261908,-2145604559,-2144707121
-2147261908,-2145597994,-2144802868
-2147261908,-2145508475,-2145341309
-2147261908,-2145501910,-2144388480
-2147261908,-2145495345,-2144484227
-2147261908,-2145488780,-2144579974
-2147261908,-2145482215,-2144675721
-2147261908,-2145392696,-2145214162
-2147261908,14605721,14605734
-2147261908,14605722,14605735
-2147261908,14605723,14605736
-2147261908,14605724,14605737
-2147261908,14605725,14605738
-2147261908,14605726,14605739
-2147261908,14605727,14605740
-2147261908,14605728,14605741
-2147261908,14605729,14605742
-2147261908,14605730,14605743
-2147261908,14605731,14605744
-2147261908,14605732,14605745
-2147244315,-2146434707,-2145309909
-2147244315,-2146428142,-2144357080
-2147244315,-2146421577,-2144452827
-2147244315,-2146415012,-2144548574
-2147244315,-2146325493,-2145087015
-2147244315,-2146318928,-2145182762
-2147244315,-2146312363,-2145278509
-2147244315,-2146305798,-2145374256
-2147244315,-2146299233,-2144421427
-2147244315,-2146292668,-2144517174
-2147244315,-2146209714,-2144959868
-2147244315,-2146203149,-2145055615
-2147244315,-2146196584,-2145151362
-2147244315,-2146190019,-2145247109
-2147244315,-2146183454,-2145342856
-2147244315,-2146176889,-2144390027
-2147244315,-2146093935,-2144832721
-2147244315,-2146087370,-2144928468
-2147244315,-2146080805,-2145024215
-2147244315,-2146074240,-2145119962
-2147244315,-2146067675,-2145215709
-2147244315,-2146061110,-2145311456
-2147244315,-2145978156,-2144705574
-2147244315,-2145971591,-2144801321
-2147244315,-2145965026,-2144897068
-2147244315,-2145958461,-2144992815
-2147244315,-2145951896,-2145088562
-2147244315,-2145945331,-2145184309
-2147244315,-2145862377,-2144578427
-2147244315,-2145855812,-2144674174
-2147244315,-2145849247,-2144769921
-2147244315,-2145842682,-2144865668
-2147244315,-2145836117,-2144961415
-2147244315,-2145829552,-2145057162
-2147244315,-2145746598,-2144451280
-2147244315,-2145740033,-2144547027
-2147244315,-2145733468,-2144642774
-2147244315,-2145726903,-2144738521
-2147244315,-2145720338,-2144834268
-2147244315,-2145713773,-2144930015
-2147244315,-2145630819,-2145372709
-2147244315,-2145624254,-2144419880
-2147244315,-2145617689,-2144515627
-2147244315,-2145611124,-2144611374
-2147244315,-2145604559,-2144707121
-2147244315,-2145597994,-2144802868
-2147244315,-2145508475,-2145341309
-2147244315,-2145501910,-2144388480
-2147244315,-2145495345,-2144484227
-2147244315,-2145488780,-2144579974
-2147244315,-2145482215,-2144675721
-2147244315,-2145392696,-2145214162
-2147244315,14605721,14605734
-2147244315,14605722,14605735
-2147244315,14605723,14605736
-2147244315,14605724,14605737
-2147244315,14605725,14605738
-2147244315,14605726,14605739
-2147244315,14605727,14605740
-2147244315,14605728,14605741
-2147244315,14605729,14605742
-2147244315,14605730,14605743
-2147244315,14605731,14605744
-2147244315,14605732,14605745
-2147226722,-2146434707,-2145309909
-2147226722,-2146428142,-2144357080
-2147226722,-2146421577,-2144452827
-2147226722,-2146415012,-2144548574
-2147226722,-2146325493,-2145087015
-2147226722,-2146318928,-2145182762
-2147226722,-2146312363,-2145278509
-2147226722,-2146305798,-2145374256
-2147226722,-2146299233,-2144421427
-2147226722,-2146292668,-2144517174
-2147226722,-2146209714,-2144959868
-2147226722,-2146203149,-2145055615
-2147226722,-2146196584,-2145151362
-2147226722,-2146190019,-2145247109
-2147226722,-2146183454,-2145342856
-2147226722,-2146176889,-2144390027
-2147226722,-2146093935,-2144832721
-2147226722,-2146087370,-2144928468
-2147226722,-2146080805,-2145024215
-2147226722,-2146074240,-2145119962
-2147226722,-2146067675,-2145215709
-2147226722,-2146061110,-2145311456
-2147226722,-2145978156,-2144705574
-2147226722,-2145971591,-2144801321
-2147226722,-2145965026,-2144897068
-2147226722,-2145958461,-2144992815
-2147226722,-2145951896,-2145088562
-2147226722,-2145945331,-2145184309
-2147226722,-2145862377,-2144578427
-2147226722,-2145855812,-2144674174
-2147226722,-2145849247,-2144769921
-2147226722,-2145842682,-2144865668
-2147226722,-2145836117,-2144961415
-2147226722,-2145829552,-2145057162
-2147226722,-2145746598,-2144451280
-2147226722,-2145740033,-2144547027
-2147226722,-2145733468,-2144642774
-2147226722,-2145726903,-2144738521
-2147226722,-2145720338,-2144834268
-2147226722,-2145713773,-2144930015
-2147226722,-2145630819,-2145372709
-2147226722,-2145624254,-2144419880
-2147226722,-2145617689,-2144515627
-2147226722,-2145611124,-2144611374
-2147226722,-2145604559,-2144707121
-2147226722,-2145597994,-2144802868
-2147226722,-2145508475,-2145341309
-2147226722,-2145501910,-2144388480
-2147226722,-2145495345,-2144484227
-2147226722,-2145488780,-2144579974
-2147226722,-2145482215,-2144675721
-2147226722,-2145392696,-2145214162
-2147226722,14605721,14605734
-2147226722,14605722,14605735
-2147226722,14605723,14605736
-2147226722,14605724,14605737
-2147226722,14605725,14605738
-2147226722,14605726,14605739
-2147226722,14605727,14605740
-2147226722,14605728,14605741
-2147226722,14605729,14605742
-2147226722,14605730,14605743
-2147226722,14605731,14605744
-2147226722,14605732,14605745
-2147206567,-2146434707,-2145309909
-2147206567,-2146428142,-2144357080
-2147206567,-2146421577,-2144452827
-2147206567,-2146415012,-2144548574
-2147206567,-2146325493,-2145087015
-2147206567,-2146318928,-2145182762
-2147206567,-2146312363,-2145278509
-2147206567,-2146305798,-2145374256
-2147206567,-2146299233,-2144421427
-2147206567,-2146292668,-2144517174
-2147206567,-2146209714,-2144959868
-2147206567,-2146203149,-2145055615
-2147206567,-2146196584,-2145151362
-2147206567,-2146190019,-2145247109
-2147206567,-2146183454,-2145342856
-2147206567,-2146176889,-2144390027
-2147206567,-2146093935,-2144832721
-2147206567,-2146087370,-2144928468
-2147206567,-2146080805,-2145024215
-2147206567,-2146074240,-2145119962
-2147206567,-2146067675,-2145215709
-2147206567,-2146061110,-2145311456
-2147206567,-2145978156,-2144705574
-2147206567,-2145971591,-2144801321
-2147206567,-2145965026,-2144897068
-2147206567,-2145958461,-2144992815
-2147206567,-2145951896,-2145088562
-2147206567,-2145945331,-2145184309
-2147206567,-2145862377,-2144578427
-2147206567,-2145855812,-2144674174
-2147206567,-2145849247,-2144769921
-2147206567,-2145842682,-2144865668
-2147206567,-2145836117,-2144961415
-2147206567,-2145829552,-2145057162
-2147206567,-2145746598,-2144451280
-2147206567,-2145740033,-2144547027
-2147206567,-2145733468,-2144642774
-2147206567,-2145726903,-2144738521
-2147206567,-2145720338,-2144834268
-2147206567,-2145713773,-2144930015
-2147206567,-2145630819,-2145372709
-2147206567,-2145624254,-2144419880
-2147206567,-2145617689,-2144515627
-2147206567,-2145611124,-2144611374
-2147206567,-2145604559,-2144707121
-2147206567,-2145597994,-2144802868
-2147206567,-2145508475,-2145341309
-2147206567,-2145501910,-2144388480
-2147206567,-2145495345,-2144484227
-2147206567,-2145488780,-2144579974
-2147206567,-2145482215,-2144675721
-2147206567,-2145392696,-2145214162
-2147206567,14605721,14605734
-2147206567,14605722,14605735
-2147206567,14605723,14605736
-2147206567,14605724,14605737
-2147206567,14605725,14605738
-2147206567,14605726,14605739
-2147206567,14605727,14605740
-2147206567,14605728,14605741
-2147206567,14605729,14605742
-2147206567,14605730,14605743
-2147206567,14605731,14605744
-2147206567,14605732,14605745
-2147188974,-2146434707,-2145309909
-2147188974,-2146428142,-2144357080
-2147188974,-2146421577,-2144452827
-2147188974,-2146415012,-2144548574
-2147188974,-2146325493,-2145087015
-2147188974,-2146318928,-2145182762
-2147188974,-2146312363,-2145278509
-2147188974,-2146305798,-2145374256
-2147188974,-2146299233,-2144421427
-2147188974,-2146292668,-2144517174
-2147188974,-2146209714,-2144959868
-2147188974,-2146203149,-2145055615
-2147188974,-2146196584,-2145151362
-2147188974,-2146190019,-2145247109
-2147188974,-2146183454,-2145342856
-2147188974,-2146176889,-2144390027
-2147188974,-2146093935,-2144832721
-2147188974,-2146087370,-2144928468
-2147188974,-2146080805,-2145024215
-2147188974,-2146074240,-2145119962
-2147188974,-2146067675,-2145215709
-2147188974,-2146061110,-2145311456
-2147188974,-2145978156,-2144705574
-2147188974,-2145971591,-2144801321
-2147188974,-2145965026,-2144897068
-2147188974,-2145958461,-2144992815
-2147188974,-2145951896,-2145088562
-2147188974,-2145945331,-2145184309
-2147188974,-2145862377,-2144578427
-2147188974,-2145855812,-2144674174
-2147188974,-2145849247,-2144769921
-2147188974,-2145842682,-2144865668
-2147188974,-2145836117,-2144961415
-2147188974,-2145829552,-2145057162
-2147188974,-2145746598,-2144451280
-2147188974,-2145740033,-2144547027
-2147188974,-2145733468,-2144642774
-2147188974,-2145726903,-2144738521
-2147188974,-2145720338,-2144834268
-2147188974,-2145713773,-2144930015
-2147188974,-2145630819,-2145372709
-2147188974,-2145624254,-2144419880
-2147188974,-2145617689,-2144515627
-2147188974,-2145611124,-2144611374
-2147188974,-2145604559,-2144707121
-2147188974,-2145597994,-2144802868
-2147188974,-2145508475,-2145341309
-2147188974,-2145501910,-2144388480
-2147188974,-2145495345,-2144484227
-2147188974,-2145488780,-2144579974
-2147188974,-2145482215,-2144675721
-2147188974,-2145392696,-2145214162
-2147188974,14605721,14605734
-2147188974,14605722,14605735
-2147188974,14605723,14605736
-2147188974,14605724,14605737
-2147188974,14605725,14605738
-2147188974,14605726,14605739
-2147188974,14605727,14605740
-2147188974,14605728,14605741
-2147188974,14605729,14605742
-2147188974,14605730,14605743
-2147188974,14605731,14605744
-2147188974,14605732,14605745
-2147171381,-2146434707,-2145309909
-2147171381,-2146428142,-2144357080
-2147171381,-2146421577,-2144452827
-2147171381,-2146415012,-2144548574
-2147171381,-2146325493,-2145087015
-2147171381,-2146318928,-2145182762
-2147171381,-2146312363,-2145278509
-2147171381,-2146305798,-2145374256
-2147171381,-2146299233,-2144421427
-2147171381,-2146292668,-2144517174
-2147171381,-2146209714,-2144959868
-2147171381,-2146203149,-2145055615
-2147171381,-2146196584,-2145151362
-2147171381,-2146190019,-2145247109
-2147171381,-2146183454,-2145342856
-2147171381,-2146176889,-2144390027
-2147171381,-2146093935,-2144832721
-2147171381,-2146087370,-2144928468
-2147171381,-2146080805,-2145024215
-2147171381,-2146074240,-2145119962
-2147171381,-2146067675,-2145215709
-2147171381,-2146061110,-2145311456
-2147171381,-2145978156,-2144705574
-2147171381,-2145971591,-2144801321
-2147171381,-2145965026,-2144897068
-2147171381,-2145958461,-2144992815
-2147171381,-2145951896,-2145088562
-2147171381,-2145945331,-2145184309
-2147171381,-2145862377,-2144578427
-2147171381,-2145855812,-2144674174
-2147171381,-2145849247,-2144769921
-2147171381,-2145842682,-2144865668
-2147171381,-2145836117,-2144961415
-2147171381,-2145829552,-2145057162
-2147171381,-2145746598,-2144451280
-2147171381,-2145740033,-2144547027
-2147171381,-2145733468,-2144642774
-2147171381,-2145726903,-2144738521
-2147171381,-2145720338,-2144834268
-2147171381,-2145713773,-2144930015
-2147171381,-2145630819,-2145372709
-2147171381,-2145624254,-2144419880
-2147171381,-2145617689,-2144515627
-2147171381,-2145611124,-2144611374
-2147171381,-2145604559,-2144707121
-2147171381,-2145597994,-2144802868
-2147171381,-2145508475,-2145341309
-2147171381,-2145501910,-2144388480
-2147171381,-2145495345,-2144484227
-2147171381,-2145488780,-2144579974
-2147171381,-2145482215,-2144675721
-2147171381,-2145392696,-2145214162
-2147171381,14605721,14605734
-2147171381,14605722,14605735
-2147171381,14605723,14605736
-2147171381,14605724,14605737
-2147171381,14605725,14605738
-2147171381,14605726,14605739
-2147171381,14605727,14605740
-2147171381,14605728,14605741
-2147171381,14605729,14605742
-2147171381,14605730,14605743
-2147171381,14605731,14605744
-2147171381,14605732,14605745
-2147153788,-2146434707,-2145309909
-2147153788,-2146428142,-2144357080
-2147153788,-2146421577,-2144452827
-2147153788,-2146415012,-2144548574
-2147153788,-2146325493,-2145087015
-2147153788,-2146318928,-2145182762
-2147153788,-2146312363,-2145278509
-2147153788,-2146305798,-2145374256
-2147153788,-2146299233,-2144421427
-2147153788,-2146292668,-2144517174
-2147153788,-2146209714,-2144959868
-2147153788,-2146203149,-2145055615
-2147153788,-2146196584,-2145151362
-2147153788,-2146190019,-2145247109
-2147153788,-2146183454,-2145342856
-2147153788,-2146176889,-2144390027
-2147153788,-2146093935,-2144832721
-2147153788,-2146087370,-2144928468
-2147153788,-2146080805,-2145024215
-2147153788,-2146074240,-2145119962
-2147153788,-2146067675,-2145215709
-2147153788,-2146061110,-2145311456
-2147153788,-2145978156,-2144705574
-2147153788,-2145971591,-2144801321
-2147153788,-2145965026,-2144897068
-2147153788,-2145958461,-2144992815
-2147153788,-2145951896,-2145088562
-2147153788,-2145945331,-2145184309
-2147153788,-2145862377,-2144578427
-2147153788,-2145855812,-2144674174
-2147153788,-2145849247,-2144769921
-2147153788,-2145842682,-2144865668
-2147153788,-2145836117,-2144961415
-2147153788,-2145829552,-2145057162
-2147153788,-2145746598,-2144451280
-2147153788,-2145740033,-2144547027
-2147153788,-2145733468,-2144642774
-2147153788,-2145726903,-2144738521
-2147153788,-2145720338,-2144834268
-2147153788,-2145713773,-2144930015
-2147153788,-2145630819,-2145372709
-2147153788,-2145624254,-2144419880
-2147153788,-2145617689,-2144515627
-2147153788,-2145611124,-2144611374
-2147153788,-2145604559,-2144707121
-2147153788,-2145597994,-2144802868
-2147153788,-2145508475,-2145341309
-2147153788,-2145501910,-2144388480
-2147153788,-2145495345,-2144484227
-2147153788,-2145488780,-2144579974
-2147153788,-2145482215,-2144675721
-2147153788,-2145392696,-2145214162
-2147153788,14605721,14605734
-2147153788,14605722,14605735
-2147153788,14605723,14605736
-2147153788,14605724,14605737
-2147153788,14605725,14605738
-2147153788,14605726,14605739
-2147153788,14605727,14605740
-2147153788,14605728,14605741
-2147153788,14605729,14605742
-2147153788,14605730,14605743
-2147153788,14605731,14605744
-2147153788,14605732,14605745
-2147136195,-2146434707,-2145309909
-2147136195,-2146428142,-2144357080
-2147136195,-2146421577,-2144452827
-2147136195,-2146415012,-2144548574
-2147136195,-2146325493,-2145087015
-2147136195,-2146318928,-2145182762
-2147136195,-2146312363,-2145278509
-2147136195,-2146305798,-2145374256
-2147136195,-2146299233,-2144421427
-2147136195,-2146292668,-2144517174
-2147136195,-2146209714,-2144959868
-2147136195,-2146203149,-2145055615
-2147136195,-2146196584,-2145151362
-2147136195,-2146190019,-2145247109
-2147136195,-2146183454,-2145342856
-2147136195,-2146176889,-2144390027
-2147136195,-2146093935,-2144832721
-2147136195,-2146087370,-2144928468
-2147136195,-2146080805,-2145024215
-2147136195,-2146074240,-2145119962
-2147136195,-2146067675,-2145215709
-2147136195,-2146061110,-2145311456
-2147136195,-2145978156,-2144705574
-2147136195,-2145971591,-2144801321
-2147136195,-2145965026,-2144897068
-2147136195,-2145958461,-2144992815
-2147136195,-2145951896,-2145088562
-2147136195,-2145945331,-2145184309
-2147136195,-2145862377,-2144578427
-2147136195,-2145855812,-2144674174
-2147136195,-2145849247,-2144769921
-2147136195,-2145842682,-2144865668
-2147136195,-2145836117,-2144961415
-2147136195,-2145829552,-2145057162
-2147136195,-2145746598,-2144451280
-2147136195,-2145740033,-2144547027
-2147136195,-2145733468,-2144642774
-2147136195,-2145726903,-2144738521
-2147136195,-2145720338,-2144834268
-2147136195,-2145713773,-2144930015
-2147136195,-2145630819,-2145372709
-2147136195,-2145624254,-2144419880
-2147136195,-2145617689,-2144515627
-2147136195,-2145611124,-2144611374
-2147136195,-2145604559,-2144707121
-2147136195,-2145597994,-2144802868
-2147136195,-2145508475,-2145341309
-2147136195,-2145501910,-2144388480
-2147136195,-2145495345,-2144484227
-2147136195,-2145488780,-2144579974
-2147136195,-2145482215,-2144675721
-2147136195,-2145392696,-2145214162
-2147136195,14605721,14605734
-2147136195,14605722,14605735
-2147136195,14605723,14605736
-2147136195,14605724,14605737
-2147136195,14605725,14605738
-2147136195,14605726,14605739
-2147136195,14605727,14605740
-2147136195,14605728,14605741
-2147136195,14605729,14605742
-2147136195,14605730,14605743
-2147136195,14605731,14605744
-2147136195,14605732,14605745
-2147098447,-2146434707,-2145309909
-2147098447,-2146428142,-2144357080
-2147098447,-2146421577,-2144452827
-2147098447,-2146415012,-2144548574
-2147098447,-2146325493,-2145087015
-2147098447,-2146318928,-2145182762
-2147098447,-2146312363,-2145278509
-2147098447,-2146305798,-2145374256
-2147098447,-2146299233,-2144421427
-2147098447,-2146292668,-2144517174
-2147098447,-2146209714,-2144959868
-2147098447,-2146203149,-2145055615
-2147098447,-2146196584,-2145151362
-2147098447,-2146190019,-2145247109
-2147098447,-2146183454,-2145342856
-2147098447,-2146176889,-2144390027
-2147098447,-2146093935,-2144832721
-2147098447,-2146087370,-2144928468
-2147098447,-2146080805,-2145024215
-2147098447,-2146074240,-2145119962
-2147098447,-2146067675,-2145215709
-2147098447,-2146061110,-2145311456
-2147098447,-2145978156,-2144705574
-2147098447,-2145971591,-2144801321
-2147098447,-2145965026,-2144897068
-2147098447,-2145958461,-2144992815
-2147098447,-2145951896,-2145088562
-2147098447,-2145945331,-2145184309
-2147098447,-2145862377,-2144578427
-2147098447,-2145855812,-2144674174
-2147098447,-2145849247,-2144769921
-2147098447,-2145842682,-2144865668
-2147098447,-2145836117,-2144961415
-2147098447,-2145829552,-2145057162
-2147098447,-2145746598,-2144451280
-2147098447,-2145740033,-2144547027
-2147098447,-2145733468,-2144642774
-2147098447,-2145726903,-2144738521
-2147098447,-2145720338,-2144834268
-2147098447,-2145713773,-2144930015
-2147098447,-2145630819,-2145372709
-2147098447,-2145624254,-2144419880
-2147098447,-2145617689,-2144515627
-2147098447,-2145611124,-2144611374
-2147098447,-2145604559,-2144707121
-2147098447,-2145597994,-2144802868
-2147098447,-2145508475,-2145341309
-2147098447,-2145501910,-2144388480
-2147098447,-2145495345,-2144484227
-2147098447,-2145488780,-2144579974
-2147098447,-2145482215,-2144675721
-2147098447,-2145392696,-2145214162
-2147098447,14605721,14605734
-2147098447,14605722,14605735
-2147098447,14605723,14605736
-2147098447,14605724,14605737
-2147098447,14605725,14605738
-2147098447,14605726,14605739
-2147098447,14605727,14605740
-2147098447,14605728,14605741
-2147098447,14605729,14605742
-2147098447,14605730,14605743
-2147098447,14605731,14605744
-2147098447,14605732,14605745
-2147080854,-2146434707,-2145309909
-2147080854,-2146428142,-2144357080
-2147080854,-2146421577,-2144452827
-2147080854,-2146415012,-2144548574
-2147080854,-2146325493,-2145087015
-2147080854,-2146318928,-2145182762
-2147080854,-2146312363,-2145278509
-2147080854,-2146305798,-2145374256
-2147080854,-2146299233,-2144421427
-2147080854,-2146292668,-2144517174
-2147080854,-2146209714,-2144959868
-2147080854,-2146203149,-2145055615
-2147080854,-2146196584,-2145151362
-2147080854,-2146190019,-2145247109
-2147080854,-2146183454,-2145342856
-2147080854,-2146176889,-2144390027
-2147080854,-2146093935,-2144832721
-2147080854,-2146087370,-2144928468
-2147080854,-2146080805,-2145024215
-2147080854,-2146074240,-2145119962
-2147080854,-2146067675,-2145215709
-2147080854,-2146061110,-2145311456
-2147080854,-2145978156,-2144705574
-2147080854,-2145971591,-2144801321
-2147080854,-2145965026,-2144897068
-2147080854,-2145958461,-2144992815
-2147080854,-2145951896,-2145088562
-2147080854,-2145945331,-2145184309
-2147080854,-2145862377,-2144578427
-2147080854,-2145855812,-2144674174
-2147080854,-2145849247,-2144769921
-2147080854,-2145842682,-2144865668
-2147080854,-2145836117,-2144961415
-2147080854,-2145829552,-2145057162
-2147080854,-2145746598,-2144451280
-2147080854,-2145740033,-2144547027
-2147080854,-2145733468,-2144642774
-2147080854,-2145726903,-2144738521
-2147080854,-2145720338,-2144834268
-2147080854,-2145713773,-2144930015
-2147080854,-2145630819,-2145372709
-2147080854,-2145624254,-2144419880
-2147080854,-2145617689,-2144515627
-2147080854,-2145611124,-2144611374
-2147080854,-2145604559,-2144707121
-2147080854,-2145597994,-2144802868
-2147080854,-2145508475,-2145341309
-2147080854,-2145501910,-2144388480
-2147080854,-2145495345,-2144484227
-2147080854,-2145488780,-2144579974
-2147080854,-2145482215,-2144675721
-2147080854,-2145392696,-2145214162
-2147080854,14605721,14605734
-2147080854,14605722,14605735
-2147080854,14605723,14605736
-2147080854,14605724,14605737
-2147080854,14605725,14605738
-2147080854,14605726,14605739
-2147080854,14605727,14605740
-2147080854,14605728,14605741
-2147080854,14605729,14605742
-2147080854,14605730,14605743
-2147080854,14605731,14605744
-2147080854,14605732,14605745
-2147063261,-2146434707,-2145309909
-2147063261,-2146428142,-2144357080
-2147063261,-2146421577,-2144452827
-2147063261,-2146415012,-2144548574
-2147063261,-2146325493,-2145087015
-2147063261,-2146318928,-2145182762
-2147063261,-2146312363,-2145278509
-2147063261,-2146305798,-2145374256
-2147063261,-2146299233,-2144421427
-2147063261,-2146292668,-2144517174
-2147063261,-2146209714,-2144959868
-2147063261,-2146203149,-2145055615
-2147063261,-2146196584,-2145151362
-2147063261,-2146190019,-2145247109
-2147063261,-2146183454,-2145342856
-2147063261,-2146176889,-2144390027
-2147063261,-2146093935,-2144832721
-2147063261,-2146087370,-2144928468
-2147063261,-2146080805,-2145024215
-2147063261,-2146074240,-2145119962
-2147063261,-2146067675,-2145215709
-2147063261,-2146061110,-2145311456
-2147063261,-2145978156,-2144705574
-2147063261,-2145971591,-2144801321
-2147063261,-2145965026,-2144897068
-2147063261,-2145958461,-2144992815
-2147063261,-2145951896,-2145088562
-2147063261,-2145945331,-2145184309
-2147063261,-2145862377,-2144578427
-2147063261,-2145855812,-2144674174
-2147063261,-2145849247,-2144769921
-2147063261,-2145842682,-2144865668
-2147063261,-2145836117,-2144961415
-2147063261,-2145829552,-2145057162
-2147063261,-2145746598,-2144451280
-2147063261,-2145740033,-2144547027
-2147063261,-2145733468,-2144642774
-2147063261,-2145726903,-2144738521
-2147063261,-2145720338,-2144834268
-2147063261,-2145713773,-2144930015
-2147063261,-2145630819,-2145372709
-2147063261,-2145624254,-2144419880
-2147063261,-2145617689,-2144515627
-2147063261,-2145611124,-2144611374
-2147063261,-2145604559,-2144707121
-2147063261,-2145597994,-2144802868
-2147063261,-2145508475,-2145341309
-2147063261,-2145501910,-2144388480
-2147063261,-2145495345,-2144484227
-2147063261,-2145488780,-2144579974
-2147063261,-2145482215,-2144675721
-2147063261,-2145392696,-2145214162
-2147063261,14605721,14605734
-2147063261,14605722,14605735
-2147063261,14605723,14605736
-2147063261,14605724,14605737
-2147063261,14605725,14605738
-2147063261,14605726,14605739
-2147063261,14605727,14605740
-2147063261,14605728,14605741
-2147063261,14605729,14605742
-2147063261,14605730,14605743
-2147063261,14605731,14605744
-2147063261,14605732,14605745
-2147045668,-2146434707,-2145309909
-2147045668,-2146428142,-2144357080
-2147045668,-2146421577,-2144452827
-2147045668,-2146415012,-2144548574
-2147045668,-2146325493,-2145087015
-2147045668,-2146318928,-2145182762
-2147045668,-2146312363,-2145278509
-2147045668,-2146305798,-2145374256
-2147045668,-2146299233,-2144421427
-2147045668,-2146292668,-2144517174
-2147045668,-2146209714,-2144959868
-2147045668,-2146203149,-2145055615
-2147045668,-2146196584,-2145151362
-2147045668,-2146190019,-2145247109
-2147045668,-2146183454,-2145342856
-2147045668,-2146176889,-2144390027
-2147045668,-2146093935,-2144832721
-2147045668,-2146087370,-2144928468
-2147045668,-2146080805,-2145024215
-2147045668,-2146074240,-2145119962
-2147045668,-2146067675,-2145215709
-2147045668,-2146061110,-2145311456
-2147045668,-2145978156,-2144705574
-2147045668,-2145971591,-2144801321
-2147045668,-2145965026,-2144897068
-2147045668,-2145958461,-2144992815
-2147045668,-2145951896,-2145088562
-2147045668,-2145945331,-2145184309
-2147045668,-2145862377,-2144578427
-2147045668,-2145855812,-2144674174
-2147045668,-2145849247,-2144769921
-2147045668,-2145842682,-2144865668
-2147045668,-2145836117,-2144961415
-2147045668,-2145829552,-2145057162
-2147045668,-2145746598,-2144451280
-2147045668,-2145740033,-2144547027
-2147045668,-2145733468,-2144642774
-2147045668,-2145726903,-2144738521
-2147045668,-2145720338,-2144834268
-2147045668,-2145713773,-2144930015
-2147045668,-2145630819,-2145372709
-2147045668,-2145624254,-2144419880
-2147045668,-2145617689,-2144515627
-2147045668,-2145611124,-2144611374
-2147045668,-2145604559,-2144707121
-2147045668,-2145597994,-2144802868
-2147045668,-2145508475,-2145341309
-2147045668,-2145501910,-2144388480
-2147045668,-2145495345,-2144484227
-2147045668,-2145488780,-2144579974
-2147045668,-2145482215,-2144675721
-2147045668,-2145392696,-2145214162
-2147045668,14605721,14605734
-2147045668,14605722,14605735
-2147045668,14605723,14605736
-2147045668,14605724,14605737
-2147045668,14605725,14605738
-2147045668,14605726,14605739
-2147045668,14605727,14605740
-2147045668,14605728,14605741
-2147045668,14605729,14605742
-2147045668,14605730,14605743
-2147045668,14605731,14605744
-2147045668,14605732,14605745
-2147007920,-2146434707,-2145309909
-2147007920,-2146428142,-2144357080
-2147007920,-2146421577,-2144452827
-2147007920,-2146415012,-2144548574
-2147007920,-2146325493,-2145087015
-2147007920,-2146318928,-2145182762
-2147007920,-2146312363,-2145278509
-2147007920,-2146305798,-2145374256
-2147007920,-2146299233,-2144421427
-2147007920,-2146292668,-2144517174
-2147007920,-2146209714,-2144959868
-2147007920,-2146203149,-2145055615
-2147007920,-2146196584,-2145151362
-2147007920,-2146190019,-2145247109
-2147007920,-2146183454,-2145342856
-2147007920,-2146176889,-2144390027
-2147007920,-2146093935,-2144832721
-2147007920,-2146087370,-2144928468
-2147007920,-2146080805,-2145024215
-2147007920,-2146074240,-2145119962
-2147007920,-2146067675,-2145215709
-2147007920,-2146061110,-2145311456
-2147007920,-2145978156,-2144705574
-2147007920,-2145971591,-2144801321
-2147007920,-2145965026,-2144897068
-2147007920,-2145958461,-2144992815
-2147007920,-2145951896,-2145088562
-2147007920,-2145945331,-2145184309
-2147007920,-2145862377,-2144578427
-2147007920,-2145855812,-2144674174
-2147007920,-2145849247,-2144769921
-2147007920,-2145842682,-2144865668
-2147007920,-2145836117,-2144961415
-2147007920,-2145829552,-2145057162
-2147007920,-2145746598,-2144451280
-2147007920,-2145740033,-2144547027
-2147007920,-2145733468,-2144642774
-2147007920,-2145726903,-2144738521
-2147007920,-2145720338,-2144834268
-2147007920,-2145713773,-2144930015
-2147007920,-2145630819,-2145372709
-2147007920,-2145624254,-2144419880
-2147007920,-2145617689,-2144515627
-2147007920,-2145611124,-2144611374
-2147007920,-2145604559,-2144707121
-2147007920,-2145597994,-2144802868
-2147007920,-2145508475,-2145341309
-2147007920,-2145501910,-2144388480
-2147007920,-2145495345,-2144484227
-2147007920,-2145488780,-2144579974
-2147007920,-2145482215,-2144675721
-2147007920,-2145392696,-2145214162
-2147007920,14605721,14605734
-2147007920,14605722,14605735
-2147007920,14605723,14605736
-2147007920,14605724,14605737
-2147007920,14605725,14605738
-2147007920,14605726,14605739
-2147007920,14605727,14605740
-2147007920,14605728,14605741
-2147007920,14605729,14605742
-2147007920,14605730,14605743
-2147007920,14605731,14605744
-2147007920,14605732,14605745
-2146990327,-2146434707,-2145309909
-2146990327,-2146428142,-2144357080
-2146990327,-2146421577,-2144452827
-2146990327,-2146415012,-2144548574
-2146990327,-2146325493,-2145087015
-2146990327,-2146318928,-2145182762
-2146990327,-2146312363,-2145278509
-2146990327,-2146305798,-2145374256
-2146990327,-2146299233,-2144421427
-2146990327,-2146292668,-2144517174
-2146990327,-2146209714,-2144959868
-2146990327,-2146203149,-2145055615
-2146990327,-2146196584,-2145151362
-2146990327,-2146190019,-2145247109
-2146990327,-2146183454,-2145342856
-2146990327,-2146176889,-2144390027
-2146990327,-2146093935,-2144832721
-2146990327,-2146087370,-2144928468
-2146990327,-2146080805,-2145024215
-2146990327,-2146074240,-2145119962
-2146990327,-2146067675,-2145215709
-2146990327,-2146061110,-2145311456
-2146990327,-2145978156,-2144705574
-2146990327,-2145971591,-2144801321
-2146990327,-2145965026,-2144897068
-2146990327,-2145958461,-2144992815
-2146990327,-2145951896,-2145088562
-2146990327,-2145945331,-2145184309
-2146990327,-2145862377,-2144578427
-2146990327,-2145855812,-2144674174
-2146990327,-2145849247,-2144769921
-2146990327,-2145842682,-2144865668
-2146990327,-2145836117,-2144961415
-2146990327,-2145829552,-2145057162
-2146990327,-2145746598,-2144451280
-2146990327,-2145740033,-2144547027
-2146990327,-2145733468,-2144642774
-2146990327,-2145726903,-2144738521
-2146990327,-2145720338,-2144834268
-2146990327,-2145713773,-2144930015
-2146990327,-2145630819,-2145372709
-2146990327,-2145624254,-2144419880
-2146990327,-2145617689,-2144515627
-2146990327,-2145611124,-2144611374
-2146990327,-2145604559,-2144707121
-2146990327,-2145597994,-2144802868
-2146990327,-2145508475,-2145341309
-2146990327,-2145501910,-2144388480
-2146990327,-2145495345,-2144484227
-2146990327,-2145488780,-2144579974
-2146990327,-2145482215,-2144675721
-2146990327,-2145392696,-2145214162
-2146990327,14605721,14605734
-2146990327,14605722,14605735
-2146990327,14605723,14605736
-2146990327,14605724,14605737
-2146990327,14605725,14605738
-2146990327,14605726,14605739
-2146990327,14605727,14605740
-2146990327,14605728,14605741
-2146990327,14605729,14605742
-2146990327,14605730,14605743
-2146990327,14605731,14605744
-2146990327,14605732,14605745
-2146972734,-2146434707,-2145309909
-2146972734,-2146428142,-2144357080
-2146972734,-2146421577,-2144452827
-2146972734,-2146415012,-2144548574
-2146972734,-2146325493,-2145087015
-2146972734,-2146318928,-2145182762
-2146972734,-2146312363,-2145278509
-2146972734,-2146305798,-2145374256
-2146972734,-2146299233,-2144421427
-2146972734,-2146292668,-2144517174
-2146972734,-2146209714,-2144959868
-2146972734,-2146203149,-2145055615
-2146972734,-2146196584,-2145151362
-2146972734,-2146190019,-2145247109
-2146972734,-2146183454,-2145342856
-2146972734,-2146176889,-2144390027
-2146972734,-2146093935,-2144832721
-2146972734,-2146087370,-2144928468
-2146972734,-2146080805,-2145024215
-2146972734,-2146074240,-2145119962
-2146972734,-2146067675,-2145215709
-2146972734,-2146061110,-2145311456
-2146972734,-2145978156,-2144705574
-2146972734,-2145971591,-2144801321
-2146972734,-2145965026,-2144897068
-2146972734,-2145958461,-2144992815
-2146972734,-2145951896,-2145088562
-2146972734,-2145945331,-2145184309
-2146972734,-2145862377,-2144578427
-2146972734,-2145855812,-2144674174
-2146972734,-2145849247,-2144769921
-2146972734,-2145842682,-2144865668
-2146972734,-2145836117,-2144961415
-2146972734,-2145829552,-2145057162
-2146972734,-2145746598,-2144451280
-2146972734,-2145740033,-2144547027
-2146972734,-2145733468,-2144642774
-2146972734,-2145726903,-2144738521
-2146972734,-2145720338,-2144834268
-2146972734,-2145713773,-2144930015
-2146972734,-2145630819,-2145372709
-2146972734,-2145624254,-2144419880
-2146972734,-2145617689,-2144515627
-2146972734,-2145611124,-2144611374
-2146972734,-2145604559,-2144707121
-2146972734,-2145597994,-2144802868
-2146972734,-2145508475,-2145341309
-2146972734,-2145501910,-2144388480
-2146972734,-2145495345,-2144484227
-2146972734,-2145488780,-2144579974
-2146972734,-2145482215,-2144675721
-2146972734,-2145392696,-2145214162
-2146972734,14605721,14605734
-2146972734,14605722,14605735
-2146972734,14605723,14605736
-2146972734,14605724,14605737
-2146972734,14605725,14605738
-2146972734,14605726,14605739
-2146972734,14605727,14605740
-2146972734,14605728,14605741
-2146972734,14605729,14605742
-2146972734,14605730,14605743
-2146972734,14605731,14605744
-2146972734,14605732,14605745
-2146955141,-2146434707,-2145309909
-2146955141,-2146428142,-2144357080
-2146955141,-2146421577,-2144452827
-2146955141,-2146415012,-2144548574
-2146955141,-2146325493,-2145087015
-2146955141,-2146318928,-2145182762
-2146955141,-2146312363,-2145278509
-2146955141,-2146305798,-2145374256
-2146955141,-2146299233,-2144421427
-2146955141,-2146292668,-2144517174
-2146955141,-2146209714,-2144959868
-2146955141,-2146203149,-2145055615
-2146955141,-2146196584,-2145151362
-2146955141,-2146190019,-2145247109
-2146955141,-2146183454,-2145342856
-2146955141,-2146176889,-2144390027
-2146955141,-2146093935,-2144832721
-2146955141,-2146087370,-2144928468
-2146955141,-2146080805,-2145024215
-2146955141,-2146074240,-2145119962
-2146955141,-2146067675,-2145215709
-2146955141,-2146061110,-2145311456
-2146955141,-2145978156,-2144705574
-2146955141,-2145971591,-2144801321
-2146955141,-2145965026,-2144897068
-2146955141,-2145958461,-2144992815
-2146955141,-2145951896,-2145088562
-2146955141,-2145945331,-2145184309
-2146955141,-2145862377,-2144578427
-2146955141,-2145855812,-2144674174
-2146955141,-2145849247,-2144769921
-2146955141,-2145842682,-2144865668
-2146955141,-2145836117,-2144961415
-2146955141,-2145829552,-2145057162
-2146955141,-2145746598,-2144451280
-2146955141,-2145740033,-2144547027
-2146955141,-2145733468,-2144642774
-2146955141,-2145726903,-2144738521
-2146955141,-2145720338,-2144834268
-2146955141,-2145713773,-2144930015
-2146955141,-2145630819,-2145372709
-2146955141,-2145624254,-2144419880
-2146955141,-2145617689,-2144515627
-2146955141,-2145611124,-2144611374
-2146955141,-2145604559,-2144707121
-2146955141,-2145597994,-2144802868
-2146955141,-2145508475,-2145341309
-2146955141,-2145501910,-2144388480
-2146955141,-2145495345,-2144484227
-2146955141,-2145488780,-2144579974
-2146955141,-2145482215,-2144675721
-2146955141,-2145392696,-2145214162
-2146955141,14605721,14605734
-2146955141,14605722,14605735
-2146955141,14605723,14605736
-2146955141,14605724,14605737
-2146955141,14605725,14605738
-2146955141,14605726,14605739
-2146955141,14605727,14605740
-2146955141,14605728,14605741
-2146955141,14605729,14605742
-2146955141,14605730,14605743
-2146955141,14605731,14605744
-2146955141,14605732,14605745
-2146937548,-2146434707,-2145309909
-2146937548,-2146428142,-2144357080
-2146937548,-2146421577,-2144452827
-2146937548,-2146415012,-2144548574
-2146937548,-2146325493,-2145087015
-2146937548,-2146318928,-2145182762
-2146937548,-2146312363,-2145278509
-2146937548,-2146305798,-2145374256
-2146937548,-2146299233,-2144421427
-2146937548,-2146292668,-2144517174
-2146937548,-2146209714,-2144959868
-2146937548,-2146203149,-2145055615
-2146937548,-2146196584,-2145151362
-2146937548,-2146190019,-2145247109
-2146937548,-2146183454,-2145342856
-2146937548,-2146176889,-2144390027
-2146937548,-2146093935,-2144832721
-2146937548,-2146087370,-2144928468
-2146937548,-2146080805,-2145024215
-2146937548,-2146074240,-2145119962
-2146937548,-2146067675,-2145215709
-2146937548,-2146061110,-2145311456
-2146937548,-2145978156,-2144705574
-2146937548,-2145971591,-2144801321
-2146937548,-2145965026,-2144897068
-2146937548,-2145958461,-2144992815
-2146937548,-2145951896,-2145088562
-2146937548,-2145945331,-2145184309
-2146937548,-2145862377,-2144578427
-2146937548,-2145855812,-2144674174
-2146937548,-2145849247,-2144769921
-2146937548,-2145842682,-2144865668
-2146937548,-2145836117,-2144961415
-2146937548,-2145829552,-2145057162
-2146937548,-2145746598,-2144451280
-2146937548,-2145740033,-2144547027
-2146937548,-2145733468,-2144642774
-2146937548,-2145726903,-2144738521
-2146937548,-2145720338,-2144834268
-2146937548,-2145713773,-2144930015
-2146937548,-2145630819,-2145372709
-2146937548,-2145624254,-2144419880
-2146937548,-2145617689,-2144515627
-2146937548,-2145611124,-2144611374
-2146937548,-2145604559,-2144707121
-2146937548,-2145597994,-2144802868
-2146937548,-2145508475,-2145341309
-2146937548,-2145501910,-2144388480
-2146937548,-2145495345,-2144484227
-2146937548,-2145488780,-2144579974
-2146937548,-2145482215,-2144675721
-2146937548,-2145392696,-2145214162
-2146937548,14605721,14605734
-2146937548,14605722,14605735
-2146937548,14605723,14605736
-2146937548,14605724,14605737
-2146937548,14605725,14605738
-2146937548,14605726,14605739
-2146937548,14605727,14605740
-2146937548,14605728,14605741
-2146937548,14605729,14605742
-2146937548,14605730,14605743
-2146937548,14605731,14605744
-2146937548,14605732,14605745
-2146917393,-2146434707,-2145309909
-2146917393,-2146428142,-2144357080
-2146917393,-2146421577,-2144452827
-2146917393,-2146415012,-2144548574
-2146917393,-2146325493,-2145087015
-2146917393,-2146318928,-2145182762
-2146917393,-2146312363,-2145278509
-2146917393,-2146305798,-2145374256
-2146917393,-2146299233,-2144421427
-2146917393,-2146292668,-2144517174
-2146917393,-2146209714,-2144959868
-2146917393,-2146203149,-2145055615
-2146917393,-2146196584,-2145151362
-2146917393,-2146190019,-2145247109
-2146917393,-2146183454,-2145342856
-2146917393,-2146176889,-2144390027
-2146917393,-2146093935,-2144832721
-2146917393,-2146087370,-2144928468
-2146917393,-2146080805,-2145024215
-2146917393,-2146074240,-2145119962
-2146917393,-2146067675,-2145215709
-2146917393,-2146061110,-2145311456
-2146917393,-2145978156,-2144705574
-2146917393,-2145971591,-2144801321
-2146917393,-2145965026,-2144897068
-2146917393,-2145958461,-2144992815
-2146917393,-2145951896,-2145088562
-2146917393,-2145945331,-2145184309
-2146917393,-2145862377,-2144578427
-2146917393,-2145855812,-2144674174
-2146917393,-2145849247,-2144769921
-2146917393,-2145842682,-2144865668
-2146917393,-2145836117,-2144961415
-2146917393,-2145829552,-2145057162
-2146917393,-2145746598,-2144451280
-2146917393,-2145740033,-2144547027
-2146917393,-2145733468,-2144642774
-2146917393,-2145726903,-2144738521
-2146917393,-2145720338,-2144834268
-2146917393,-2145713773,-2144930015
-2146917393,-2145630819,-2145372709
-2146917393,-2145624254,-2144419880
-2146917393,-2145617689,-2144515627
-2146917393,-2145611124,-2144611374
-2146917393,-2145604559,-2144707121
-2146917393,-2145597994,-2144802868
-2146917393,-2145508475,-2145341309
-2146917393,-2145501910,-2144388480
-2146917393,-2145495345,-2144484227
-2146917393,-2145488780,-2144579974
-2146917393,-2145482215,-2144675721
-2146917393,-2145392696,-2145214162
-2146917393,14605721,14605734
-2146917393,14605722,14605735
-2146917393,14605723,14605736
-2146917393,14605724,14605737
-2146917393,14605725,14605738
-2146917393,14605726,14605739
-2146917393,14605727,14605740
-2146917393,14605728,14605741
-2146917393,14605729,14605742
-2146917393,14605730,14605743
-2146917393,14605731,14605744
-2146917393,14605732,14605745
-2146899800,-2146434707,-2145309909
-2146899800,-2146428142,-2144357080
-2146899800,-2146421577,-2144452827
-2146899800,-2146415012,-2144548574
-2146899800,-2146325493,-2145087015
-2146899800,-2146318928,-2145182762
-2146899800,-2146312363,-2145278509
-2146899800,-2146305798,-2145374256
-2146899800,-2146299233,-2144421427
-2146899800,-2146292668,-2144517174
-2146899800,-2146209714,-2144959868
-2146899800,-2146203149,-2145055615
-2146899800,-2146196584,-2145151362
-2146899800,-2146190019,-2145247109
-2146899800,-2146183454,-2145342856
-2146899800,-2146176889,-2144390027
-2146899800,-2146093935,-2144832721
-2146899800,-2146087370,-2144928468
-2146899800,-2146080805,-2145024215
-2146899800,-2146074240,-2145119962
-2146899800,-2146067675,-2145215709
-2146899800,-2146061110,-2145311456
-2146899800,-2145978156,-2144705574
-2146899800,-2145971591,-2144801321
-2146899800,-2145965026,-2144897068
-2146899800,-2145958461,-2144992815
-2146899800,-2145951896,-2145088562
-2146899800,-2145945331,-2145184309
-2146899800,-2145862377,-2144578427
-2146899800,-2145855812,-2144674174
-2146899800,-2145849247,-2144769921
-2146899800,-2145842682,-2144865668
-2146899800,-2145836117,-2144961415
-2146899800,-2145829552,-2145057162
-2146899800,-2145746598,-2144451280
-2146899800,-2145740033,-2144547027
-2146899800,-2145733468,-2144642774
-2146899800,-2145726903,-2144738521
-2146899800,-2145720338,-2144834268
-2146899800,-2145713773,-2144930015
-2146899800,-2145630819,-2145372709
-2146899800,-2145624254,-2144419880
-2146899800,-2145617689,-2144515627
-2146899800,-2145611124,-2144611374
-2146899800,-2145604559,-2144707121
-2146899800,-2145597994,-2144802868
-2146899800,-2145508475,-2145341309
-2146899800,-2145501910,-2144388480
-2146899800,-2145495345,-2144484227
-2146899800,-2145488780,-2144579974
-2146899800,-2145482215,-2144675721
-2146899800,-2145392696,-2145214162
-2146899800,14605721,14605734
-2146899800,14605722,14605735
-2146899800,14605723,14605736
-2146899800,14605724,14605737
-2146899800,14605725,14605738
-2146899800,14605726,14605739
-2146899800,14605727,14605740
-2146899800,14605728,14605741
-2146899800,14605729,14605742
-2146899800,14605730,14605743
-2146899800,14605731,14605744
-2146899800,14605732,14605745
-2146882207,-2146434707,-2145309909
-2146882207,-2146428142,-2144357080
-2146882207,-2146421577,-2144452827
-2146882207,-2146415012,-2144548574
-2146882207,-2146325493,-2145087015
-2146882207,-2146318928,-2145182762
-2146882207,-2146312363,-2145278509
-2146882207,-2146305798,-2145374256
-2146882207,-2146299233,-2144421427
-2146882207,-2146292668,-2144517174
-2146882207,-2146209714,-2144959868
-2146882207,-2146203149,-2145055615
-2146882207,-2146196584,-2145151362
-2146882207,-2146190019,-2145247109
-2146882207,-2146183454,-2145342856
-2146882207,-2146176889,-2144390027
-2146882207,-2146093935,-2144832721
-2146882207,-2146087370,-2144928468
-2146882207,-2146080805,-2145024215
-2146882207,-2146074240,-2145119962
-2146882207,-2146067675,-2145215709
-2146882207,-2146061110,-2145311456
-2146882207,-2145978156,-2144705574
-2146882207,-2145971591,-2144801321
-2146882207,-2145965026,-2144897068
-2146882207,-2145958461,-2144992815
-2146882207,-2145951896,-2145088562
-2146882207,-2145945331,-2145184309
-2146882207,-2145862377,-2144578427
-2146882207,-2145855812,-2144674174
-2146882207,-2145849247,-2144769921
-2146882207,-2145842682,-2144865668
-2146882207,-2145836117,-2144961415
-2146882207,-2145829552,-2145057162
-2146882207,-2145746598,-2144451280
-2146882207,-2145740033,-2144547027
-2146882207,-2145733468,-2144642774
-2146882207,-2145726903,-2144738521
-2146882207,-2145720338,-2144834268
-2146882207,-2145713773,-2144930015
-2146882207,-2145630819,-2145372709
-2146882207,-2145624254,-2144419880
-2146882207,-2145617689,-2144515627
-2146882207,-2145611124,-2144611374
-2146882207,-2145604559,-2144707121
-2146882207,-2145597994,-2144802868
-2146882207,-2145508475,-2145341309
-2146882207,-2145501910,-2144388480
-2146882207,-2145495345,-2144484227
-2146882207,-2145488780,-2144579974
-2146882207,-2145482215,-2144675721
-2146882207,-2145392696,-2145214162
-2146882207,14605721,14605734
-2146882207,14605722,14605735
-2146882207,14605723,14605736
-2146882207,14605724,14605737
-2146882207,14605725,14605738
-2146882207,14605726,14605739
-2146882207,14605727,14605740
-2146882207,14605728,14605741
-2146882207,14605729,14605742
-2146882207,14605730,14605743
-2146882207,14605731,14605744
-2146882207,14605732,14605745
-2146864614,-2146434707,-2145309909
-2146864614,-2146428142,-2144357080
-2146864614,-2146421577,-2144452827
-2146864614,-2146415012,-2144548574
-2146864614,-2146325493,-2145087015
-2146864614,-2146318928,-2145182762
-2146864614,-2146312363,-2145278509
-2146864614,-2146305798,-2145374256
-2146864614,-2146299233,-2144421427
-2146864614,-2146292668,-2144517174
-2146864614,-2146209714,-2144959868
-2146864614,-2146203149,-2145055615
-2146864614,-2146196584,-2145151362
-2146864614,-2146190019,-2145247109
-2146864614,-2146183454,-2145342856
-2146864614,-2146176889,-2144390027
-2146864614,-2146093935,-2144832721
-2146864614,-2146087370,-2144928468
-2146864614,-2146080805,-2145024215
-2146864614,-2146074240,-2145119962
-2146864614,-2146067675,-2145215709
-2146864614,-2146061110,-2145311456
-2146864614,-2145978156,-2144705574
-2146864614,-2145971591,-2144801321
-2146864614,-2145965026,-2144897068
-2146864614,-2145958461,-2144992815
-2146864614,-2145951896,-2145088562
-2146864614,-2145945331,-2145184309
-2146864614,-2145862377,-2144578427
-2146864614,-2145855812,-2144674174
-2146864614,-2145849247,-2144769921
-2146864614,-2145842682,-2144865668
-2146864614,-2145836117,-2144961415
-2146864614,-2145829552,-2145057162
-2146864614,-2145746598,-2144451280
-2146864614,-2145740033,-2144547027
-2146864614,-2145733468,-2144642774
-2146864614,-2145726903,-2144738521
-2146864614,-2145720338,-2144834268
-2146864614,-2145713773,-2144930015
-2146864614,-2145630819,-2145372709
-2146864614,-2145624254,-2144419880
-2146864614,-2145617689,-2144515627
-2146864614,-2145611124,-2144611374
-2146864614,-2145604559,-2144707121
-2146864614,-2145597994,-2144802868
-2146864614,-2145508475,-2145341309
-2146864614,-2145501910,-2144388480
-2146864614,-2145495345,-2144484227
-2146864614,-2145488780,-2144579974
-2146864614,-2145482215,-2144675721
-2146864614,-2145392696,-2145214162
-2146864614,14605721,14605734
-2146864614,14605722,14605735
-2146864614,14605723,14605736
-2146864614,14605724,14605737
-2146864614,14605725,14605738
-2146864614,14605726,14605739
-2146864614,14605727,14605740
-2146864614,14605728,14605741
-2146864614,14605729,14605742
-2146864614,14605730,14605743
-2146864614,14605731,14605744
-2146864614,14605732,14605745
-2146847021,-2146434707,-2145309909
-2146847021,-2146428142,-2144357080
-2146847021,-2146421577,-2144452827
-2146847021,-2146415012,-2144548574
-2146847021,-2146325493,-2145087015
-2146847021,-2146318928,-2145182762
-2146847021,-2146312363,-2145278509
-2146847021,-2146305798,-2145374256
-2146847021,-2146299233,-2144421427
-2146847021,-2146292668,-2144517174
-2146847021,-2146209714,-2144959868
-2146847021,-2146203149,-2145055615
-2146847021,-2146196584,-2145151362
-2146847021,-2146190019,-2145247109
-2146847021,-2146183454,-2145342856
-2146847021,-2146176889,-2144390027
-2146847021,-2146093935,-2144832721
-2146847021,-2146087370,-2144928468
-2146847021,-2146080805,-2145024215
-2146847021,-2146074240,-2145119962
-2146847021,-2146067675,-2145215709
-2146847021,-2146061110,-2145311456
-2146847021,-2145978156,-2144705574
-2146847021,-2145971591,-2144801321
-2146847021,-2145965026,-2144897068
-2146847021,-2145958461,-2144992815
-2146847021,-2145951896,-2145088562
-2146847021,-2145945331,-2145184309
-2146847021,-2145862377,-2144578427
-2146847021,-2145855812,-2144674174
-2146847021,-2145849247,-2144769921
-2146847021,-2145842682,-2144865668
-2146847021,-2145836117,-2144961415
-2146847021,-2145829552,-2145057162
-2146847021,-2145746598,-2144451280
-2146847021,-2145740033,-2144547027
-2146847021,-2145733468,-2144642774
-2146847021,-2145726903,-2144738521
-2146847021,-2145720338,-2144834268
-2146847021,-2145713773,-2144930015
-2146847021,-2145630819,-2145372709
-2146847021,-2145624254,-2144419880
-2146847021,-2145617689,-2144515627
-2146847021,-2145611124,-2144611374
-2146847021,-2145604559,-2144707121
-2146847021,-2145597994,-2144802868
-2146847021,-2145508475,-2145341309
-2146847021,-2145501910,-2144388480
-2146847021,-2145495345,-2144484227
-2146847021,-2145488780,-2144579974
-2146847021,-2145482215,-2144675721
-2146847021,-2145392696,-2145214162
-2146847021,14605721,14605734
-2146847021,14605722,14605735
-2146847021,14605723,14605736
-2146847021,14605724,14605737
-2146847021,14605725,14605738
-2146847021,14605726,14605739
-2146847021,14605727,14605740
-2146847021,14605728,14605741
-2146847021,14605729,14605742
-2146847021,14605730,14605743
-2146847021,14605731,14605744
-2146847021,14605732,14605745
-2146826866,-2146434707,-2145309909
-2146826866,-2146428142,-2144357080
-2146826866,-2146421577,-2144452827
-2146826866,-2146415012,-2144548574
-2146826866,-2146325493,-2145087015
-2146826866,-2146318928,-2145182762
-2146826866,-2146312363,-2145278509
-2146826866,-2146305798,-2145374256
-2146826866,-2146299233,-2144421427
-2146826866,-2146292668,-2144517174
-2146826866,-2146209714,-2144959868
-2146826866,-2146203149,-2145055615
-2146826866,-2146196584,-2145151362
-2146826866,-2146190019,-2145247109
-2146826866,-2146183454,-2145342856
-2146826866,-2146176889,-2144390027
-2146826866,-2146093935,-2144832721
-2146826866,-2146087370,-2144928468
-2146826866,-2146080805,-2145024215
-2146826866,-2146074240,-2145119962
-2146826866,-2146067675,-2145215709
-2146826866,-2146061110,-2145311456
-2146826866,-2145978156,-2144705574
-2146826866,-2145971591,-2144801321
-2146826866,-2145965026,-2144897068
-2146826866,-2145958461,-2144992815
-2146826866,-2145951896,-2145088562
-2146826866,-2145945331,-2145184309
-2146826866,-2145862377,-2144578427
-2146826866,-2145855812,-2144674174
-2146826866,-2145849247,-2144769921
-2146826866,-2145842682,-2144865668
-2146826866,-2145836117,-2144961415
-2146826866,-2145829552,-2145057162
-2146826866,-2145746598,-2144451280
-2146826866,-2145740033,-2144547027
-2146826866,-2145733468,-2144642774
-2146826866,-2145726903,-2144738521
-2146826866,-2145720338,-2144834268
-2146826866,-2145713773,-2144930015
-2146826866,-2145630819,-2145372709
-2146826866,-2145624254,-2144419880
-2146826866,-2145617689,-2144515627
-2146826866,-2145611124,-2144611374
-2146826866,-2145604559,-2144707121
-2146826866,-2145597994,-2144802868
-2146826866,-2145508475,-2145341309
-2146826866,-2145501910,-2144388480
-2146826866,-2145495345,-2144484227
-2146826866,-2145488780,-2144579974
-2146826866,-2145482215,-2144675721
-2146826866,-2145392696,-2145214162
-2146826866,14605721,14605734
-2146826866,14605722,14605735
-2146826866,14605723,14605736
-2146826866,14605724,14605737
-2146826866,14605725,14605738
-2146826866,14605726,14605739
-2146826866,14605727,14605740
-2146826866,14605728,14605741
-2146826866,14605729,14605742
-2146826866,14605730,14605743
-2146826866,14605731,14605744
-2146826866,14605732,14605745
-2146809273,-2146434707,-2145309909
-2146809273,-2146428142,-2144357080
-2146809273,-2146421577,-2144452827
-2146809273,-2146415012,-2144548574
-2146809273,-2146325493,-2145087015
-2146809273,-2146318928,-2145182762
-2146809273,-2146312363,-2145278509
-2146809273,-2146305798,-2145374256
-2146809273,-2146299233,-2144421427
-2146809273,-2146292668,-2144517174
-2146809273,-2146209714,-2144959868
-2146809273,-2146203149,-2145055615
-2146809273,-2146196584,-2145151362
-2146809273,-2146190019,-2145247109
-2146809273,-2146183454,-2145342856
-2146809273,-2146176889,-2144390027
-2146809273,-2146093935,-2144832721
-2146809273,-2146087370,-2144928468
-2146809273,-2146080805,-2145024215
-2146809273,-2146074240,-2145119962
-2146809273,-2146067675,-2145215709
-2146809273,-2146061110,-2145311456
-2146809273,-2145978156,-2144705574
-2146809273,-2145971591,-2144801321
-2146809273,-2145965026,-2144897068
-2146809273,-2145958461,-2144992815
-2146809273,-2145951896,-2145088562
-2146809273,-2145945331,-2145184309
-2146809273,-2145862377,-2144578427
-2146809273,-2145855812,-2144674174
-2146809273,-2145849247,-2144769921
-2146809273,-2145842682,-2144865668
-2146809273,-2145836117,-2144961415
-2146809273,-2145829552,-2145057162
-2146809273,-2145746598,-2144451280
-2146809273,-2145740033,-2144547027
-2146809273,-2145733468,-2144642774
-2146809273,-2145726903,-2144738521
-2146809273,-2145720338,-2144834268
-2146809273,-2145713773,-2144930015
-2146809273,-2145630819,-2145372709
-2146809273,-2145624254,-2144419880
-2146809273,-2145617689,-2144515627
-2146809273,-2145611124,-2144611374
-2146809273,-2145604559,-2144707121
-2146809273,-2145597994,-2144802868
-2146809273,-2145508475,-2145341309
-2146809273,-2145501910,-2144388480
-2146809273,-2145495345,-2144484227
-2146809273,-2145488780,-2144579974
-2146809273,-2145482215,-2144675721
-2146809273,-2145392696,-2145214162
-2146809273,14605721,14605734
-2146809273,14605722,14605735
-2146809273,14605723,14605736
-2146809273,14605724,14605737
-2146809273,14605725,14605738
-2146809273,14605726,14605739
-2146809273,14605727,14605740
-2146809273,14605728,14605741
-2146809273,14605729,14605742
-2146809273,14605730,14605743
-2146809273,14605731,14605744
-2146809273,14605732,14605745
-2146791680,-2146434707,-2145309909
-2146791680,-2146428142,-2144357080
-2146791680,-2146421577,-2144452827
-2146791680,-2146415012,-2144548574
-2146791680,-2146325493,-2145087015
-2146791680,-2146318928,-2145182762
-2146791680,-2146312363,-2145278509
-2146791680,-2146305798,-2145374256
-2146791680,-2146299233,-2144421427
-2146791680,-2146292668,-2144517174
-2146791680,-2146209714,-2144959868
-2146791680,-2146203149,-2145055615
-2146791680,-2146196584,-2145151362
-2146791680,-2146190019,-2145247109
-2146791680,-2146183454,-2145342856
-2146791680,-2146176889,-2144390027
-2146791680,-2146093935,-2144832721
-2146791680,-2146087370,-2144928468
-2146791680,-2146080805,-2145024215
-2146791680,-2146074240,-2145119962
-2146791680,-2146067675,-2145215709
-2146791680,-2146061110,-2145311456
-2146791680,-2145978156,-2144705574
-2146791680,-2145971591,-2144801321
-2146791680,-2145965026,-2144897068
-2146791680,-2145958461,-2144992815
-2146791680,-2145951896,-2145088562
-2146791680,-2145945331,-2145184309
-2146791680,-2145862377,-2144578427
-2146791680,-2145855812,-2144674174
-2146791680,-2145849247,-2144769921
-2146791680,-2145842682,-2144865668
-2146791680,-2145836117,-2144961415
-2146791680,-2145829552,-2145057162
-2146791680,-2145746598,-2144451280
-2146791680,-2145740033,-2144547027
-2146791680,-2145733468,-2144642774
-2146791680,-2145726903,-2144738521
-2146791680,-2145720338,-2144834268
-2146791680,-2145713773,-2144930015
-2146791680,-2145630819,-2145372709
-2146791680,-2145624254,-2144419880
-2146791680,-2145617689,-2144515627
-2146791680,-2145611124,-2144611374
-2146791680,-2145604559,-2144707121
-2146791680,-2145597994,-2144802868
-2146791680,-2145508475,-2145341309
-2146791680,-2145501910,-2144388480
-2146791680,-2145495345,-2144484227
-2146791680,-2145488780,-2144579974
-2146791680,-2145482215,-2144675721
-2146791680,-2145392696,-2145214162
-2146791680,14605721,14605734
-2146791680,14605722,14605735
-2146791680,14605723,14605736
-2146791680,14605724,14605737
-2146791680,14605725,14605738
-2146791680,14605726,14605739
-2146791680,14605727,14605740
-2146791680,14605728,14605741
-2146791680,14605729,14605742
-2146791680,14605730,14605743
-2146791680,14605731,14605744
-2146791680,14605732,14605745
-2146774087,-2146434707,-2145309909
-2146774087,-2146428142,-2144357080
-2146774087,-2146421577,-2144452827
-2146774087,-2146415012,-2144548574
-2146774087,-2146325493,-2145087015
-2146774087,-2146318928,-2145182762
-2146774087,-2146312363,-2145278509
-2146774087,-2146305798,-2145374256
-2146774087,-2146299233,-2144421427
-2146774087,-2146292668,-2144517174
-2146774087,-2146209714,-2144959868
-2146774087,-2146203149,-2145055615
-2146774087,-2146196584,-2145151362
-2146774087,-2146190019,-2145247109
-2146774087,-2146183454,-2145342856
-2146774087,-2146176889,-2144390027
-2146774087,-2146093935,-2144832721
-2146774087,-2146087370,-2144928468
-2146774087,-2146080805,-2145024215
-2146774087,-2146074240,-2145119962
-2146774087,-2146067675,-2145215709
-2146774087,-2146061110,-2145311456
-2146774087,-2145978156,-2144705574
-2146774087,-2145971591,-2144801321
-2146774087,-2145965026,-2144897068
-2146774087,-2145958461,-2144992815
-2146774087,-2145951896,-2145088562
-2146774087,-2145945331,-2145184309
-2146774087,-2145862377,-2144578427
-2146774087,-2145855812,-2144674174
-2146774087,-2145849247,-2144769921
-2146774087,-2145842682,-2144865668
-2146774087,-2145836117,-2144961415
-2146774087,-2145829552,-2145057162
-2146774087,-2145746598,-2144451280
-2146774087,-2145740033,-2144547027
-2146774087,-2145733468,-2144642774
-2146774087,-2145726903,-2144738521
-2146774087,-2145720338,-2144834268
-2146774087,-2145713773,-2144930015
-2146774087,-2145630819,-2145372709
-2146774087,-2145624254,-2144419880
-2146774087,-2145617689,-2144515627
-2146774087,-2145611124,-2144611374
-2146774087,-2145604559,-2144707121
-2146774087,-2145597994,-2144802868
-2146774087,-2145508475,-2145341309
-2146774087,-2145501910,-2144388480
-2146774087,-2145495345,-2144484227
-2146774087,-2145488780,-2144579974
-2146774087,-2145482215,-2144675721
-2146774087,-2145392696,-2145214162
-2146774087,14605721,14605734
-2146774087,14605722,14605735
-2146774087,14605723,14605736
-2146774087,14605724,14605737
-2146774087,14605725,14605738
-2146774087,14605726,14605739
-2146774087,14605727,14605740
-2146774087,14605728,14605741
-2146774087,14605729,14605742
-2146774087,14605730,14605743
-2146774087,14605731,14605744
-2146774087,14605732,14605745
-2146756494,-2146434707,-2145309909
-2146756494,-2146428142,-2144357080
-2146756494,-2146421577,-2144452827
-2146756494,-2146415012,-2144548574
-2146756494,-2146325493,-2145087015
-2146756494,-2146318928,-2145182762
-2146756494,-2146312363,-2145278509
-2146756494,-2146305798,-2145374256
-2146756494,-2146299233,-2144421427
-2146756494,-2146292668,-2144517174
-2146756494,-2146209714,-2144959868
-2146756494,-2146203149,-2145055615
-2146756494,-2146196584,-2145151362
-2146756494,-2146190019,-2145247109
-2146756494,-2146183454,-2145342856
-2146756494,-2146176889,-2144390027
-2146756494,-2146093935,-2144832721
-2146756494,-2146087370,-2144928468
-2146756494,-2146080805,-2145024215
-2146756494,-2146074240,-2145119962
-2146756494,-2146067675,-2145215709
-2146756494,-2146061110,-2145311456
-2146756494,-2145978156,-2144705574
-2146756494,-2145971591,-2144801321
-2146756494,-2145965026,-2144897068
-2146756494,-2145958461,-2144992815
-2146756494,-2145951896,-2145088562
-2146756494,-2145945331,-2145184309
-2146756494,-2145862377,-2144578427
-2146756494,-2145855812,-2144674174
-2146756494,-2145849247,-2144769921
-2146756494,-2145842682,-2144865668
-2146756494,-2145836117,-2144961415
-2146756494,-2145829552,-2145057162
-2146756494,-2145746598,-2144451280
-2146756494,-2145740033,-2144547027
-2146756494,-2145733468,-2144642774
-2146756494,-2145726903,-2144738521
-2146756494,-2145720338,-2144834268
-2146756494,-2145713773,-2144930015
-2146756494,-2145630819,-2145372709
-2146756494,-2145624254,-2144419880
-2146756494,-2145617689,-2144515627
-2146756494,-2145611124,-2144611374
-2146756494,-2145604559,-2144707121
-2146756494,-2145597994,-2144802868
-2146756494,-2145508475,-2145341309
-2146756494,-2145501910,-2144388480
-2146756494,-2145495345,-2144484227
-2146756494,-2145488780,-2144579974
-2146756494,-2145482215,-2144675721
-2146756494,-2145392696,-2145214162
-2146756494,14605721,14605734
-2146756494,14605722,14605735
-2146756494,14605723,14605736
-2146756494,14605724,14605737
-2146756494,14605725,14605738
-2146756494,14605726,14605739
-2146756494,14605727,14605740
-2146756494,14605728,14605741
-2146756494,14605729,14605742
-2146756494,14605730,14605743
-2146756494,14605731,14605744
-2146756494,14605732,14605745
-2146718746,-2146434707,-2145309909
-2146718746,-2146428142,-2144357080
-2146718746,-2146421577,-2144452827
-2146718746,-2146415012,-2144548574
-2146718746,-2146325493,-2145087015
-2146718746,-2146318928,-2145182762
-2146718746,-2146312363,-2145278509
-2146718746,-2146305798,-2145374256
-2146718746,-2146299233,-2144421427
-2146718746,-2146292668,-2144517174
-2146718746,-2146209714,-2144959868
-2146718746,-2146203149,-2145055615
-2146718746,-2146196584,-2145151362
-2146718746,-2146190019,-2145247109
-2146718746,-2146183454,-2145342856
-2146718746,-2146176889,-2144390027
-2146718746,-2146093935,-2144832721
-2146718746,-2146087370,-2144928468
-2146718746,-2146080805,-2145024215
-2146718746,-2146074240,-2145119962
-2146718746,-2146067675,-2145215709
-2146718746,-2146061110,-2145311456
-2146718746,-2145978156,-2144705574
-2146718746,-2145971591,-2144801321
-2146718746,-2145965026,-2144897068
-2146718746,-2145958461,-2144992815
-2146718746,-2145951896,-2145088562
-2146718746,-2145945331,-2145184309
-2146718746,-2145862377,-2144578427
-2146718746,-2145855812,-2144674174
-2146718746,-2145849247,-2144769921
-2146718746,-2145842682,-2144865668
-2146718746,-2145836117,-2144961415
-2146718746,-2145829552,-2145057162
-2146718746,-2145746598,-2144451280
-2146718746,-2145740033,-2144547027
-2146718746,-2145733468,-2144642774
-2146718746,-2145726903,-2144738521
-2146718746,-2145720338,-2144834268
-2146718746,-2145713773,-2144930015
-2146718746,-2145630819,-2145372709
-2146718746,-2145624254,-2144419880
-2146718746,-2145617689,-2144515627
-2146718746,-2145611124,-2144611374
-2146718746,-2145604559,-2144707121
-2146718746,-2145597994,-2144802868
-2146718746,-2145508475,-2145341309
-2146718746,-2145501910,-2144388480
-2146718746,-2145495345,-2144484227
-2146718746,-2145488780,-2144579974
-2146718746,-2145482215,-2144675721
-2146718746,-2145392696,-2145214162
-2146718746,14605721,14605734
-2146718746,14605722,14605735
-2146718746,14605723,14605736
-2146718746,14605724,14605737
-2146718746,14605725,14605738
-2146718746,14605726,14605739
-2146718746,14605727,14605740
-2146718746,14605728,14605741
-2146718746,14605729,14605742
-2146718746,14605730,14605743
-2146718746,14605731,14605744
-2146718746,14605732,14605745
-2146701153,-2146434707,-2145309909
-2146701153,-2146428142,-2144357080
-2146701153,-2146421577,-2144452827
-2146701153,-2146415012,-2144548574
-2146701153,-2146325493,-2145087015
-2146701153,-2146318928,-2145182762
-2146701153,-2146312363,-2145278509
-2146701153,-2146305798,-2145374256
-2146701153,-2146299233,-2144421427
-2146701153,-2146292668,-2144517174
-2146701153,-2146209714,-2144959868
-2146701153,-2146203149,-2145055615
-2146701153,-2146196584,-2145151362
-2146701153,-2146190019,-2145247109
-2146701153,-2146183454,-2145342856
-2146701153,-2146176889,-2144390027
-2146701153,-2146093935,-2144832721
-2146701153,-2146087370,-2144928468
-2146701153,-2146080805,-2145024215
-2146701153,-2146074240,-2145119962
-2146701153,-2146067675,-2145215709
-2146701153,-2146061110,-2145311456
-2146701153,-2145978156,-2144705574
-2146701153,-2145971591,-2144801321
-2146701153,-2145965026,-2144897068
-2146701153,-2145958461,-2144992815
-2146701153,-2145951896,-2145088562
-2146701153,-2145945331,-2145184309
-2146701153,-2145862377,-2144578427
-2146701153,-2145855812,-2144674174
-2146701153,-2145849247,-2144769921
-2146701153,-2145842682,-2144865668
-2146701153,-2145836117,-2144961415
-2146701153,-2145829552,-2145057162
-2146701153,-2145746598,-2144451280
-2146701153,-2145740033,-2144547027
-2146701153,-2145733468,-2144642774
-2146701153,-2145726903,-2144738521
-2146701153,-2145720338,-2144834268
-2146701153,-2145713773,-2144930015
-2146701153,-2145630819,-2145372709
-2146701153,-2145624254,-2144419880
-2146701153,-2145617689,-2144515627
-2146701153,-2145611124,-2144611374
-2146701153,-2145604559,-2144707121
-2146701153,-2145597994,-2144802868
-2146701153,-2145508475,-2145341309
-2146701153,-2145501910,-2144388480
-2146701153,-2145495345,-2144484227
-2146701153,-2145488780,-2144579974
-2146701153,-2145482215,-2144675721
-2146701153,-2145392696,-2145214162
-2146701153,14605721,14605734
-2146701153,14605722,14605735
-2146701153,14605723,14605736
-2146701153,14605724,14605737
-2146701153,14605725,14605738
-2146701153,14605726,14605739
-2146701153,14605727,14605740
-2146701153,14605728,14605741
-2146701153,14605729,14605742
-2146701153,14605730,14605743
-2146701153,14605731,14605744
-2146701153,14605732,14605745
-2146683560,-2146434707,-2145309909
-2146683560,-2146428142,-2144357080
-2146683560,-2146421577,-2144452827
-2146683560,-2146415012,-2144548574
-2146683560,-2146325493,-2145087015
-2146683560,-2146318928,-2145182762
-2146683560,-2146312363,-2145278509
-2146683560,-2146305798,-2145374256
-2146683560,-2146299233,-2144421427
-2146683560,-2146292668,-2144517174
-2146683560,-2146209714,-2144959868
-2146683560,-2146203149,-2145055615
-2146683560,-2146196584,-2145151362
-2146683560,-2146190019,-2145247109
-2146683560,-2146183454,-2145342856
-2146683560,-2146176889,-2144390027
-2146683560,-2146093935,-2144832721
-2146683560,-2146087370,-2144928468
-2146683560,-2146080805,-2145024215
-2146683560,-2146074240,-2145119962
-2146683560,-2146067675,-2145215709
-2146683560,-2146061110,-2145311456
-2146683560,-2145978156,-2144705574
-2146683560,-2145971591,-2144801321
-2146683560,-2145965026,-2144897068
-2146683560,-2145958461,-2144992815
-2146683560,-2145951896,-2145088562
-2146683560,-2145945331,-2145184309
-2146683560,-2145862377,-2144578427
-2146683560,-2145855812,-2144674174
-2146683560,-2145849247,-2144769921
-2146683560,-2145842682,-2144865668
-2146683560,-2145836117,-2144961415
-2146683560,-2145829552,-2145057162
-2146683560,-2145746598,-2144451280
-2146683560,-2145740033,-2144547027
-2146683560,-2145733468,-2144642774
-2146683560,-2145726903,-2144738521
-2146683560,-2145720338,-2144834268
-2146683560,-2145713773,-2144930015
-2146683560,-2145630819,-2145372709
-2146683560,-2145624254,-2144419880
-2146683560,-2145617689,-2144515627
-2146683560,-2145611124,-2144611374
-2146683560,-2145604559,-2144707121
-2146683560,-2145597994,-2144802868
-2146683560,-2145508475,-2145341309
-2146683560,-2145501910,-2144388480
-2146683560,-2145495345,-2144484227
-2146683560,-2145488780,-2144579974
-2146683560,-2145482215,-2144675721
-2146683560,-2145392696,-2145214162
-2146683560,14605721,14605734
-2146683560,14605722,14605735
-2146683560,14605723,14605736
-2146683560,14605724,14605737
-2146683560,14605725,14605738
-2146683560,14605726,14605739
-2146683560,14605727,14605740
-2146683560,14605728,14605741
-2146683560,14605729,14605742
-2146683560,14605730,14605743
-2146683560,14605731,14605744
-2146683560,14605732,14605745
-2146665967,-2146434707,-2145309909
-2146665967,-2146428142,-2144357080
-2146665967,-2146421577,-2144452827
-2146665967,-2146415012,-2144548574
-2146665967,-2146325493,-2145087015
-2146665967,-2146318928,-2145182762
-2146665967,-2146312363,-2145278509
-2146665967,-2146305798,-2145374256
-2146665967,-2146299233,-2144421427
-2146665967,-2146292668,-2144517174
-2146665967,-2146209714,-2144959868
-2146665967,-2146203149,-2145055615
-2146665967,-2146196584,-2145151362
-2146665967,-2146190019,-2145247109
-2146665967,-2146183454,-2145342856
-2146665967,-2146176889,-2144390027
-2146665967,-2146093935,-2144832721
-2146665967,-2146087370,-2144928468
-2146665967,-2146080805,-2145024215
-2146665967,-2146074240,-2145119962
-2146665967,-2146067675,-2145215709
-2146665967,-2146061110,-2145311456
-2146665967,-2145978156,-2144705574
-2146665967,-2145971591,-2144801321
-2146665967,-2145965026,-2144897068
-2146665967,-2145958461,-2144992815
-2146665967,-2145951896,-2145088562
-2146665967,-2145945331,-2145184309
-2146665967,-2145862377,-2144578427
-2146665967,-2145855812,-2144674174
-2146665967,-2145849247,-2144769921
-2146665967,-2145842682,-2144865668
-2146665967,-2145836117,-2144961415
-2146665967,-2145829552,-2145057162
-2146665967,-2145746598,-2144451280
-2146665967,-2145740033,-2144547027
-2146665967,-2145733468,-2144642774
-2146665967,-2145726903,-2144738521
-2146665967,-2145720338,-2144834268
-2146665967,-2145713773,-2144930015
-2146665967,-2145630819,-2145372709
-2146665967,-2145624254,-2144419880
-2146665967,-2145617689,-2144515627
-2146665967,-2145611124,-2144611374
-2146665967,-2145604559,-2144707121
-2146665967,-2145597994,-2144802868
-2146665967,-2145508475,-2145341309
-2146665967,-2145501910,-2144388480
-2146665967,-2145495345,-2144484227
-2146665967,-2145488780,-2144579974
-2146665967,-2145482215,-2144675721
-2146665967,-2145392696,-2145214162
-2146665967,14605721,14605734
-2146665967,14605722,14605735
-2146665967,14605723,14605736
-2146665967,14605724,14605737
-2146665967,14605725,14605738
-2146665967,14605726,14605739
-2146665967,14605727,14605740
-2146665967,14605728,14605741
-2146665967,14605729,14605742
-2146665967,14605730,14605743
-2146665967,14605731,14605744
-2146665967,14605732,14605745
-2146628219,-2146434707,-2145309909
-2146628219,-2146428142,-2144357080
-2146628219,-2146421577,-2144452827
-2146628219,-2146415012,-2144548574
-2146628219,-2146325493,-2145087015
-2146628219,-2146318928,-2145182762
-2146628219,-2146312363,-2145278509
-2146628219,-2146305798,-2145374256
-2146628219,-2146299233,-2144421427
-2146628219,-2146292668,-2144517174
-2146628219,-2146209714,-2144959868
-2146628219,-2146203149,-2145055615
-2146628219,-2146196584,-2145151362
-2146628219,-2146190019,-2145247109
-2146628219,-2146183454,-2145342856
-2146628219,-2146176889,-2144390027
-2146628219,-2146093935,-2144832721
-2146628219,-2146087370,-2144928468
-2146628219,-2146080805,-2145024215
-2146628219,-2146074240,-2145119962
-2146628219,-2146067675,-2145215709
-2146628219,-2146061110,-2145311456
-2146628219,-2145978156,-2144705574
-2146628219,-2145971591,-2144801321
-2146628219,-2145965026,-2144897068
-2146628219,-2145958461,-2144992815
-2146628219,-2145951896,-2145088562
-2146628219,-2145945331,-2145184309
-2146628219,-2145862377,-2144578427
-2146628219,-2145855812,-2144674174
-2146628219,-2145849247,-2144769921
-2146628219,-2145842682,-2144865668
-2146628219,-2145836117,-2144961415
-2146628219,-2145829552,-2145057162
-2146628219,-2145746598,-2144451280
-2146628219,-2145740033,-2144547027
-2146628219,-2145733468,-2144642774
-2146628219,-2145726903,-2144738521
-2146628219,-2145720338,-2144834268
-2146628219,-2145713773,-2144930015
-2146628219,-2145630819,-2145372709
-2146628219,-2145624254,-2144419880
-2146628219,-2145617689,-2144515627
-2146628219,-2145611124,-2144611374
-2146628219,-2145604559,-2144707121
-2146628219,-2145597994,-2144802868
-2146628219,-2145508475,-2145341309
-2146628219,-2145501910,-2144388480
-2146628219,-2145495345,-2144484227
-2146628219,-2145488780,-2144579974
-2146628219,-2145482215,-2144675721
-2146628219,-2145392696,-2145214162
-2146628219,14605721,14605734
-2146628219,14605722,14605735
-2146628219,14605723,14605736
-2146628219,14605724,14605737
-2146628219,14605725,14605738
-2146628219,14605726,14605739
-2146628219,14605727,14605740
-2146628219,14605728,14605741
-2146628219,14605729,14605742
-2146628219,14605730,14605743
-2146628219,14605731,14605744
-2146628219,14605732,14605745
-2146610626,-2146434707,-2145309909
-2146610626,-2146428142,-2144357080
-2146610626,-2146421577,-2144452827
-2146610626,-2146415012,-2144548574
-2146610626,-2146325493,-2145087015
-2146610626,-2146318928,-2145182762
-2146610626,-2146312363,-2145278509
-2146610626,-2146305798,-2145374256
-2146610626,-2146299233,-2144421427
-2146610626,-2146292668,-2144517174
-2146610626,-2146209714,-2144959868
-2146610626,-2146203149,-2145055615
-2146610626,-2146196584,-2145151362
-2146610626,-2146190019,-2145247109
-2146610626,-2146183454,-2145342856
-2146610626,-2146176889,-2144390027
-2146610626,-2146093935,-2144832721
-2146610626,-2146087370,-2144928468
-2146610626,-2146080805,-2145024215
-2146610626,-2146074240,-2145119962
-2146610626,-2146067675,-2145215709
-2146610626,-2146061110,-2145311456
-2146610626,-2145978156,-2144705574
-2146610626,-2145971591,-2144801321
-2146610626,-2145965026,-2144897068
-2146610626,-2145958461,-2144992815
-2146610626,-2145951896,-2145088562
-2146610626,-2145945331,-2145184309
-2146610626,-2145862377,-2144578427
-2146610626,-2145855812,-2144674174
-2146610626,-2145849247,-2144769921
-2146610626,-2145842682,-2144865668
-2146610626,-2145836117,-2144961415
-2146610626,-2145829552,-2145057162
-2146610626,-2145746598,-2144451280
-2146610626,-2145740033,-2144547027
-2146610626,-2145733468,-2144642774
-2146610626,-2145726903,-2144738521
-2146610626,-2145720338,-2144834268
-2146610626,-2145713773,-2144930015
-2146610626,-2145630819,-2145372709
-2146610626,-2145624254,-2144419880
-2146610626,-2145617689,-2144515627
-2146610626,-2145611124,-2144611374
-2146610626,-2145604559,-2144707121
-2146610626,-2145597994,-2144802868
-2146610626,-2145508475,-2145341309
-2146610626,-2145501910,-2144388480
-2146610626,-2145495345,-2144484227
-2146610626,-2145488780,-2144579974
-2146610626,-2145482215,-2144675721
-2146610626,-2145392696,-2145214162
-2146610626,14605721,14605734
-2146610626,14605722,14605735
-2146610626,14605723,14605736
-2146610626,14605724,14605737
-2146610626,14605725,14605738
-2146610626,14605726,14605739
-2146610626,14605727,14605740
-2146610626,14605728,14605741
-2146610626,14605729,14605742
-2146610626,14605730,14605743
-2146610626,14605731,14605744
-2146610626,14605732,14605745
-2146593033,-2146434707,-2145309909
-2146593033,-2146428142,-2144357080
-2146593033,-2146421577,-2144452827
-2146593033,-2146415012,-2144548574
-2146593033,-2146325493,-2145087015
-2146593033,-2146318928,-2145182762
-2146593033,-2146312363,-2145278509
-2146593033,-2146305798,-2145374256
-2146593033,-2146299233,-2144421427
-2146593033,-2146292668,-2144517174
-2146593033,-2146209714,-2144959868
-2146593033,-2146203149,-2145055615
-2146593033,-2146196584,-2145151362
-2146593033,-2146190019,-2145247109
-2146593033,-2146183454,-2145342856
-2146593033,-2146176889,-2144390027
-2146593033,-2146093935,-2144832721
-2146593033,-2146087370,-2144928468
-2146593033,-2146080805,-2145024215
-2146593033,-2146074240,-2145119962
-2146593033,-2146067675,-2145215709
-2146593033,-2146061110,-2145311456
-2146593033,-2145978156,-2144705574
-2146593033,-2145971591,-2144801321
-2146593033,-2145965026,-2144897068
-2146593033,-2145958461,-2144992815
-2146593033,-2145951896,-2145088562
-2146593033,-2145945331,-2145184309
-2146593033,-2145862377,-2144578427
-2146593033,-2145855812,-2144674174
-2146593033,-2145849247,-2144769921
-2146593033,-2145842682,-2144865668
-2146593033,-2145836117,-2144961415
-2146593033,-2145829552,-2145057162
-2146593033,-2145746598,-2144451280
-2146593033,-2145740033,-2144547027
-2146593033,-2145733468,-2144642774
-2146593033,-2145726903,-2144738521
-2146593033,-2145720338,-2144834268
-2146593033,-2145713773,-2144930015
-2146593033,-2145630819,-2145372709
-2146593033,-2145624254,-2144419880
-2146593033,-2145617689,-2144515627
-2146593033,-2145611124,-2144611374
-2146593033,-2145604559,-2144707121
-2146593033,-2145597994,-2144802868
-2146593033,-2145508475,-2145341309
-2146593033,-2145501910,-2144388480
-2146593033,-2145495345,-2144484227
-2146593033,-2145488780,-2144579974
-2146593033,-2145482215,-2144675721
-2146593033,-2145392696,-2145214162
-2146593033,14605721,14605734
-2146593033,14605722,14605735
-2146593033,14605723,14605736
-2146593033,14605724,14605737
-2146593033,14605725,14605738
-2146593033,14605726,14605739
-2146593033,14605727,14605740
-2146593033,14605728,14605741
-2146593033,14605729,14605742
-2146593033,14605730,14605743
-2146593033,14605731,14605744
-2146593033,14605732,14605745
-2146575440,-2146434707,-2145309909
-2146575440,-2146428142,-2144357080
-2146575440,-2146421577,-2144452827
-2146575440,-2146415012,-2144548574
-2146575440,-2146325493,-2145087015
-2146575440,-2146318928,-2145182762
-2146575440,-2146312363,-2145278509
-2146575440,-2146305798,-2145374256
-2146575440,-2146299233,-2144421427
-2146575440,-2146292668,-2144517174
-2146575440,-2146209714,-2144959868
-2146575440,-2146203149,-2145055615
-2146575440,-2146196584,-2145151362
-2146575440,-2146190019,-2145247109
-2146575440,-2146183454,-2145342856
-2146575440,-2146176889,-2144390027
-2146575440,-2146093935,-2144832721
-2146575440,-2146087370,-2144928468
-2146575440,-2146080805,-2145024215
-2146575440,-2146074240,-2145119962
-2146575440,-2146067675,-2145215709
-2146575440,-2146061110,-2145311456
-2146575440,-2145978156,-2144705574
-2146575440,-2145971591,-2144801321
-2146575440,-2145965026,-2144897068
-2146575440,-2145958461,-2144992815
-2146575440,-2145951896,-2145088562
-2146575440,-2145945331,-2145184309
-2146575440,-2145862377,-2144578427
-2146575440,-2145855812,-2144674174
-2146575440,-2145849247,-2144769921
-2146575440,-2145842682,-2144865668
-2146575440,-2145836117,-2144961415
-2146575440,-2145829552,-2145057162
-2146575440,-2145746598,-2144451280
-2146575440,-2145740033,-2144547027
-2146575440,-2145733468,-2144642774
-2146575440,-2145726903,-2144738521
-2146575440,-2145720338,-2144834268
-2146575440,-2145713773,-2144930015
-2146575440,-2145630819,-2145372709
-2146575440,-2145624254,-2144419880
-2146575440,-2145617689,-2144515627
-2146575440,-2145611124,-2144611374
-2146575440,-2145604559,-2144707121
-2146575440,-2145597994,-2144802868
-2146575440,-2145508475,-2145341309
-2146575440,-2145501910,-2144388480
-2146575440,-2145495345,-2144484227
-2146575440,-2145488780,-2144579974
-2146575440,-2145482215,-2144675721
-2146575440,-2145392696,-2145214162
-2146575440,14605721,14605734
-2146575440,14605722,14605735
-2146575440,14605723,14605736
-2146575440,14605724,14605737
-2146575440,14605725,14605738
-2146575440,14605726,14605739
-2146575440,14605727,14605740
-2146575440,14605728,14605741
-2146575440,14605729,14605742
-2146575440,14605730,14605743
-2146575440,14605731,14605744
-2146575440,14605732,14605745
-2146557847,-2146434707,-2145309909
-2146557847,-2146428142,-2144357080
-2146557847,-2146421577,-2144452827
-2146557847,-2146415012,-2144548574
-2146557847,-2146325493,-2145087015
-2146557847,-2146318928,-2145182762
-2146557847,-2146312363,-2145278509
-2146557847,-2146305798,-2145374256
-2146557847,-2146299233,-2144421427
-2146557847,-2146292668,-2144517174
-2146557847,-2146209714,-2144959868
-2146557847,-2146203149,-2145055615
-2146557847,-2146196584,-2145151362
-2146557847,-2146190019,-2145247109
-2146557847,-2146183454,-2145342856
-2146557847,-2146176889,-2144390027
-2146557847,-2146093935,-2144832721
-2146557847,-2146087370,-2144928468
-2146557847,-2146080805,-2145024215
-2146557847,-2146074240,-2145119962
-2146557847,-2146067675,-2145215709
-2146557847,-2146061110,-2145311456
-2146557847,-2145978156,-2144705574
-2146557847,-2145971591,-2144801321
-2146557847,-2145965026,-2144897068
-2146557847,-2145958461,-2144992815
-2146557847,-2145951896,-2145088562
-2146557847,-2145945331,-2145184309
-2146557847,-2145862377,-2144578427
-2146557847,-2145855812,-2144674174
-2146557847,-2145849247,-2144769921
-2146557847,-2145842682,-2144865668
-2146557847,-2145836117,-2144961415
-2146557847,-2145829552,-2145057162
-2146557847,-2145746598,-2144451280
-2146557847,-2145740033,-2144547027
-2146557847,-2145733468,-2144642774
-2146557847,-2145726903,-2144738521
-2146557847,-2145720338,-2144834268
-2146557847,-2145713773,-2144930015
-2146557847,-2145630819,-2145372709
-2146557847,-2145624254,-2144419880
-2146557847,-2145617689,-2144515627
-2146557847,-2145611124,-2144611374
-2146557847,-2145604559,-2144707121
-2146557847,-2145597994,-2144802868
-2146557847,-2145508475,-2145341309
-2146557847,-2145501910,-2144388480
-2146557847,-2145495345,-2144484227
-2146557847,-2145488780,-2144579974
-2146557847,-2145482215,-2144675721
-2146557847,-2145392696,-2145214162
-2146557847,14605721,14605734
-2146557847,14605722,14605735
-2146557847,14605723,14605736
-2146557847,14605724,14605737
-2146557847,14605725,14605738
-2146557847,14605726,14605739
-2146557847,14605727,14605740
-2146557847,14605728,14605741
-2146557847,14605729,14605742
-2146557847,14605730,14605743
-2146557847,14605731,14605744
-2146557847,14605732,14605745
-2146537692,-2146434707,-2145309909
-2146537692,-2146428142,-2144357080
-2146537692,-2146421577,-2144452827
-2146537692,-2146415012,-2144548574
-2146537692,-2146325493,-2145087015
-2146537692,-2146318928,-2145182762
-2146537692,-2146312363,-2145278509
-2146537692,-2146305798,-2145374256
-2146537692,-2146299233,-2144421427
-2146537692,-2146292668,-2144517174
-2146537692,-2146209714,-2144959868
-2146537692,-2146203149,-2145055615
-2146537692,-2146196584,-2145151362
-2146537692,-2146190019,-2145247109
-2146537692,-2146183454,-2145342856
-2146537692,-2146176889,-2144390027
-2146537692,-2146093935,-2144832721
-2146537692,-2146087370,-2144928468
-2146537692,-2146080805,-2145024215
-2146537692,-2146074240,-2145119962
-2146537692,-2146067675,-2145215709
-2146537692,-2146061110,-2145311456
-2146537692,-2145978156,-2144705574
-2146537692,-2145971591,-2144801321
-2146537692,-2145965026,-2144897068
-2146537692,-2145958461,-2144992815
-2146537692,-2145951896,-2145088562
-2146537692,-2145945331,-2145184309
-2146537692,-2145862377,-2144578427
-2146537692,-2145855812,-2144674174
-2146537692,-2145849247,-2144769921
-2146537692,-2145842682,-2144865668
-2146537692,-2145836117,-2144961415
-2146537692,-2145829552,-2145057162
-2146537692,-2145746598,-2144451280
-2146537692,-2145740033,-2144547027
-2146537692,-2145733468,-2144642774
-2146537692,-2145726903,-2144738521
-2146537692,-2145720338,-2144834268
-2146537692,-2145713773,-2144930015
-2146537692,-2145630819,-2145372709
-2146537692,-2145624254,-2144419880
-2146537692,-2145617689,-2144515627
-2146537692,-2145611124,-2144611374
-2146537692,-2145604559,-2144707121
-2146537692,-2145597994,-2144802868
-2146537692,-2145508475,-2145341309
-2146537692,-2145501910,-2144388480
-2146537692,-2145495345,-2144484227
-2146537692,-2145488780,-2144579974
-2146537692,-2145482215,-2144675721
-2146537692,-2145392696,-2145214162
-2146537692,14605721,14605734
-2146537692,14605722,14605735
-2146537692,14605723,14605736
-2146537692,14605724,14605737
-2146537692,14605725,14605738
-2146537692,14605726,14605739
-2146537692,14605727,14605740
-2146537692,14605728,14605741
-2146537692,14605729,14605742
-2146537692,14605730,14605743
-2146537692,14605731,14605744
-2146537692,14605732,14605745
-2146520099,-2146434707,-2145309909
-2146520099,-2146428142,-2144357080
-2146520099,-2146421577,-2144452827
-2146520099,-2146415012,-2144548574
-2146520099,-2146325493,-2145087015
-2146520099,-2146318928,-2145182762
-2146520099,-2146312363,-2145278509
-2146520099,-2146305798,-2145374256
-2146520099,-2146299233,-2144421427
-2146520099,-2146292668,-2144517174
-2146520099,-2146209714,-2144959868
-2146520099,-2146203149,-2145055615
-2146520099,-2146196584,-2145151362
-2146520099,-2146190019,-2145247109
-2146520099,-2146183454,-2145342856
-2146520099,-2146176889,-2144390027
-2146520099,-2146093935,-2144832721
-2146520099,-2146087370,-2144928468
-2146520099,-2146080805,-2145024215
-2146520099,-2146074240,-2145119962
-2146520099,-2146067675,-2145215709
-2146520099,-2146061110,-2145311456
-2146520099,-2145978156,-2144705574
-2146520099,-2145971591,-2144801321
-2146520099,-2145965026,-2144897068
-2146520099,-2145958461,-2144992815
-2146520099,-2145951896,-2145088562
-2146520099,-2145945331,-2145184309
-2146520099,-2145862377,-2144578427
-2146520099,-2145855812,-2144674174
-2146520099,-2145849247,-2144769921
-2146520099,-2145842682,-2144865668
-2146520099,-2145836117,-2144961415
-2146520099,-2145829552,-2145057162
-2146520099,-2145746598,-2144451280
-2146520099,-2145740033,-2144547027
-2146520099,-2145733468,-2144642774
-2146520099,-2145726903,-2144738521
-2146520099,-2145720338,-2144834268
-2146520099,-2145713773,-2144930015
-2146520099,-2145630819,-2145372709
-2146520099,-2145624254,-2144419880
-2146520099,-2145617689,-2144515627
-2146520099,-2145611124,-2144611374
-2146520099,-2145604559,-2144707121
-2146520099,-2145597994,-2144802868
-2146520099,-2145508475,-2145341309
-2146520099,-2145501910,-2144388480
-2146520099,-2145495345,-2144484227
-2146520099,-2145488780,-2144579974
-2146520099,-2145482215,-2144675721
-2146520099,-2145392696,-2145214162
-2146520099,14605721,14605734
-2146520099,14605722,14605735
-2146520099,14605723,14605736
-2146520099,14605724,14605737
-2146520099,14605725,14605738
-2146520099,14605726,14605739
-2146520099,14605727,14605740
-2146520099,14605728,14605741
-2146520099,14605729,14605742
-2146520099,14605730,14605743
-2146520099,14605731,14605744
-2146520099,14605732,14605745
-2146502506,-2146434707,-2145309909
-2146502506,-2146428142,-2144357080
-2146502506,-2146421577,-2144452827
-2146502506,-2146415012,-2144548574
-2146502506,-2146325493,-2145087015
-2146502506,-2146318928,-2145182762
-2146502506,-2146312363,-2145278509
-2146502506,-2146305798,-2145374256
-2146502506,-2146299233,-2144421427
-2146502506,-2146292668,-2144517174
-2146502506,-2146209714,-2144959868
-2146502506,-2146203149,-2145055615
-2146502506,-2146196584,-2145151362
-2146502506,-2146190019,-2145247109
-2146502506,-2146183454,-2145342856
-2146502506,-2146176889,-2144390027
-2146502506,-2146093935,-2144832721
-2146502506,-2146087370,-2144928468
-2146502506,-2146080805,-2145024215
-2146502506,-2146074240,-2145119962
-2146502506,-2146067675,-2145215709
-2146502506,-2146061110,-2145311456
-2146502506,-2145978156,-2144705574
-2146502506,-2145971591,-2144801321
-2146502506,-2145965026,-2144897068
-2146502506,-2145958461,-2144992815
-2146502506,-2145951896,-2145088562
-2146502506,-2145945331,-2145184309
-2146502506,-2145862377,-2144578427
-2146502506,-2145855812,-2144674174
-2146502506,-2145849247,-2144769921
-2146502506,-2145842682,-2144865668
-2146502506,-2145836117,-2144961415
-2146502506,-2145829552,-2145057162
-2146502506,-2145746598,-2144451280
-2146502506,-2145740033,-2144547027
-2146502506,-2145733468,-2144642774
-2146502506,-2145726903,-2144738521
-2146502506,-2145720338,-2144834268
-2146502506,-2145713773,-2144930015
-2146502506,-2145630819,-2145372709
-2146502506,-2145624254,-2144419880
-2146502506,-2145617689,-2144515627
-2146502506,-2145611124,-2144611374
-2146502506,-2145604559,-2144707121
-2146502506,-2145597994,-2144802868
-2146502506,-2145508475,-2145341309
-2146502506,-2145501910,-2144388480
-2146502506,-2145495345,-2144484227
-2146502506,-2145488780,-2144579974
-2146502506,-2145482215,-2144675721
-2146502506,-2145392696,-2145214162
-2146502506,14605721,14605734
-2146502506,14605722,14605735
-2146502506,14605723,14605736
-2146502506,14605724,14605737
-2146502506,14605725,14605738
-2146502506,14605726,14605739
-2146502506,14605727,14605740
-2146502506,14605728,14605741
-2146502506,14605729,14605742
-2146502506,14605730,14605743
-2146502506,14605731,14605744
-2146502506,14605732,14605745
-2146484913,-2146434707,-2145309909
-2146484913,-2146428142,-2144357080
-2146484913,-2146421577,-2144452827
-2146484913,-2146415012,-2144548574
-2146484913,-2146325493,-2145087015
-2146484913,-2146318928,-2145182762
-2146484913,-2146312363,-2145278509
-2146484913,-2146305798,-2145374256
-2146484913,-2146299233,-2144421427
-2146484913,-2146292668,-2144517174
-2146484913,-2146209714,-2144959868
-2146484913,-2146203149,-2145055615
-2146484913,-2146196584,-2145151362
-2146484913,-2146190019,-2145247109
-2146484913,-2146183454,-2145342856
-2146484913,-2146176889,-2144390027
-2146484913,-2146093935,-2144832721
-2146484913,-2146087370,-2144928468
-2146484913,-2146080805,-2145024215
-2146484913,-2146074240,-2145119962
-2146484913,-2146067675,-2145215709
-2146484913,-2146061110,-2145311456
-2146484913,-2145978156,-2144705574
-2146484913,-2145971591,-2144801321
-2146484913,-2145965026,-2144897068
-2146484913,-2145958461,-2144992815
-2146484913,-2145951896,-2145088562
-2146484913,-2145945331,-2145184309
-2146484913,-2145862377,-2144578427
-2146484913,-2145855812,-2144674174
-2146484913,-2145849247,-2144769921
-2146484913,-2145842682,-2144865668
-2146484913,-2145836117,-2144961415
-2146484913,-2145829552,-2145057162
-2146484913,-2145746598,-2144451280
-2146484913,-2145740033,-2144547027
-2146484913,-2145733468,-2144642774
-2146484913,-2145726903,-2144738521
-2146484913,-2145720338,-2144834268
-2146484913,-2145713773,-2144930015
-2146484913,-2145630819,-2145372709
-2146484913,-2145624254,-2144419880
-2146484913,-2145617689,-2144515627
-2146484913,-2145611124,-2144611374
-2146484913,-2145604559,-2144707121
-2146484913,-2145597994,-2144802868
-2146484913,-2145508475,-2145341309
-2146484913,-2145501910,-2144388480
-2146484913,-2145495345,-2144484227
-2146484913,-2145488780,-2144579974
-2146484913,-2145482215,-2144675721
-2146484913,-2145392696,-2145214162
-2146484913,14605721,14605734
-2146484913,14605722,14605735
-2146484913,14605723,14605736
-2146484913,14605724,14605737
-2146484913,14605725,14605738
-2146484913,14605726,14605739
-2146484913,14605727,14605740
-2146484913,14605728,14605741
-2146484913,14605729,14605742
-2146484913,14605730,14605743
-2146484913,14605731,14605744
-2146484913,14605732,14605745
-2146467320,-2146434707,-2145309909
-2146467320,-2146428142,-2144357080
-2146467320,-2146421577,-2144452827
-2146467320,-2146415012,-2144548574
-2146467320,-2146325493,-2145087015
-2146467320,-2146318928,-2145182762
-2146467320,-2146312363,-2145278509
-2146467320,-2146305798,-2145374256
-2146467320,-2146299233,-2144421427
-2146467320,-2146292668,-2144517174
-2146467320,-2146209714,-2144959868
-2146467320,-2146203149,-2145055615
-2146467320,-2146196584,-2145151362
-2146467320,-2146190019,-2145247109
-2146467320,-2146183454,-2145342856
-2146467320,-2146176889,-2144390027
-2146467320,-2146093935,-2144832721
-2146467320,-2146087370,-2144928468
-2146467320,-2146080805,-2145024215
-2146467320,-2146074240,-2145119962
-2146467320,-2146067675,-2145215709
-2146467320,-2146061110,-2145311456
-2146467320,-2145978156,-2144705574
-2146467320,-2145971591,-2144801321
-2146467320,-2145965026,-2144897068
-2146467320,-2145958461,-2144992815
-2146467320,-2145951896,-2145088562
-2146467320,-2145945331,-2145184309
-2146467320,-2145862377,-2144578427
-2146467320,-2145855812,-2144674174
-2146467320,-2145849247,-2144769921
-2146467320,-2145842682,-2144865668
-2146467320,-2145836117,-2144961415
-2146467320,-2145829552,-2145057162
-2146467320,-2145746598,-2144451280
-2146467320,-2145740033,-2144547027
-2146467320,-2145733468,-2144642774
-2146467320,-2145726903,-2144738521
-2146467320,-2145720338,-2144834268
-2146467320,-2145713773,-2144930015
-2146467320,-2145630819,-2145372709
-2146467320,-2145624254,-2144419880
-2146467320,-2145617689,-2144515627
-2146467320,-2145611124,-2144611374
-2146467320,-2145604559,-2144707121
-2146467320,-2145597994,-2144802868
-2146467320,-2145508475,-2145341309
-2146467320,-2145501910,-2144388480
-2146467320,-2145495345,-2144484227
-2146467320,-2145488780,-2144579974
-2146467320,-2145482215,-2144675721
-2146467320,-2145392696,-2145214162
-2146467320,14605721,14605734
-2146467320,14605722,14605735
-2146467320,14605723,14605736
-2146467320,14605724,14605737
-2146467320,14605725,14605738
-2146467320,14605726,14605739
-2146467320,14605727,14605740
-2146467320,14605728,14605741
-2146467320,14605729,14605742
-2146467320,14605730,14605743
-2146467320,14605731,14605744
-2146467320,14605732,14605745
14605708,-2146434707,-2145309909
14605708,-2146428142,-2144357080
14605708,-2146421577,-2144452827
14605708,-2146415012,-2144548574
14605708,-2146325493,-2145087015
14605708,-2146318928,-2145182762
14605708,-2146312363,-2145278509
14605708,-2146305798,-2145374256
14605708,-2146299233,-2144421427
14605708,-2146292668,-2144517174
14605708,-2146209714,-2144959868
14605708,-2146203149,-2145055615
14605708,-2146196584,-2145151362
14605708,-2146190019,-2145247109
14605708,-2146183454,-2145342856
14605708,-2146176889,-2144390027
14605708,-2146093935,-2144832721
14605708,-2146087370,-2144928468
14605708,-2146080805,-2145024215
14605708,-2146074240,-2145119962
14605708,-2146067675,-2145215709
14605708,-2146061110,-2145311456
14605708,-2145978156,-2144705574
14605708,-2145971591,-2144801321
14605708,-2145965026,-2144897068
14605708,-2145958461,-2144992815
14605708,-2145951896,-2145088562
14605708,-2145945331,-2145184309
14605708,-2145862377,-2144578427
14605708,-2145855812,-2144674174
14605708,-2145849247,-2144769921
14605708,-2145842682,-2144865668
14605708,-2145836117,-2144961415
14605708,-2145829552,-2145057162
14605708,-2145746598,-2144451280
14605708,-2145740033,-2144547027
14605708,-2145733468,-2144642774
14605708,-2145726903,-2144738521
14605708,-2145720338,-2144834268
14605708,-2145713773,-2144930015
14605708,-2145630819,-2145372709
14605708,-2145624254,-2144419880
14605708,-2145617689,-2144515627
14605708,-2145611124,-2144611374
14605708,-2145604559,-2144707121
14605708,-2145597994,-2144802868
14605708,-2145508475,-2145341309
14605708,-2145501910,-2144388480
14605708,-2145495345,-2144484227
14605708,-2145488780,-2144579974
14605708,-2145482215,-2144675721
14605708,-2145392696,-2145214162
14605708,14605721,14605734
14605708,14605722,14605735
14605708,14605723,14605736
14605708,14605724,14605737
14605708,14605725,14605738
14605708,14605726,14605739
14605708,14605727,14605740
14605708,14605728,14605741
14605708,14605729,14605742
14605708,14605730,14605743
14605708,14605731,14605744
14605708,14605732,14605745
14605709,-2146434707,-2145309909
14605709,-2146428142,-2144357080
14605709,-2146421577,-2144452827
14605709,-2146415012,-2144548574
14605709,-2146325493,-2145087015
14605709,-2146318928,-2145182762
14605709,-2146312363,-2145278509
14605709,-2146305798,-2145374256
14605709,-2146299233,-2144421427
14605709,-2146292668,-2144517174
14605709,-2146209714,-2144959868
14605709,-2146203149,-2145055615
14605709,-2146196584,-2145151362
14605709,-2146190019,-2145247109
14605709,-2146183454,-2145342856
14605709,-2146176889,-2144390027
14605709,-2146093935,-2144832721
14605709,-2146087370,-2144928468
14605709,-2146080805,-2145024215
14605709,-2146074240,-2145119962
14605709,-2146067675,-2145215709
14605709,-2146061110,-2145311456
14605709,-2145978156,-2144705574
14605709,-2145971591,-2144801321
14605709,-2145965026,-2144897068
14605709,-2145958461,-2144992815
14605709,-2145951896,-2145088562
14605709,-2145945331,-2145184309
14605709,-2145862377,-2144578427
14605709,-2145855812,-2144674174
14605709,-2145849247,-2144769921
14605709,-2145842682,-2144865668
14605709,-2145836117,-2144961415
14605709,-2145829552,-2145057162
14605709,-2145746598,-2144451280
14605709,-2145740033,-2144547027
14605709,-2145733468,-2144642774
14605709,-2145726903,-2144738521
14605709,-2145720338,-2144834268
14605709,-2145713773,-2144930015
14605709,-2145630819,-2145372709
14605709,-2145624254,-2144419880
14605709,-2145617689,-2144515627
14605709,-2145611124,-2144611374
14605709,-2145604559,-2144707121
14605709,-2145597994,-2144802868
14605709,-2145508475,-2145341309
14605709,-2145501910,-2144388480
14605709,-2145495345,-2144484227
14605709,-2145488780,-2144579974
14605709,-2145482215,-2144675721
14605709,-2145392696,-2145214162
14605709,14605721,14605734
14605709,14605722,14605735
14605709,14605723,14605736
14605709,14605724,14605737
14605709,14605725,14605738
14605709,14605726,14605739
14605709,14605727,14605740
14605709,14605728,14605741
14605709,14605729,14605742
14605709,14605730,14605743
14605709,14605731,14605744
14605709,14605732,14605745
14605710,-2146434707,-2145309909
14605710,-2146428142,-2144357080
14605710,-2146421577,-2144452827
14605710,-2146415012,-2144548574
14605710,-2146325493,-2145087015
14605710,-2146318928,-2145182762
14605710,-2146312363,-2145278509
14605710,-2146305798,-2145374256
14605710,-2146299233,-2144421427
14605710,-2146292668,-2144517174
14605710,-2146209714,-2144959868
14605710,-2146203149,-2145055615
14605710,-2146196584,-2145151362
14605710,-2146190019,-2145247109
14605710,-2146183454,-2145342856
14605710,-2146176889,-2144390027
14605710,-2146093935,-2144832721
14605710,-2146087370,-2144928468
14605710,-2146080805,-2145024215
14605710,-2146074240,-2145119962
14605710,-2146067675,-2145215709
14605710,-2146061110,-2145311456
14605710,-2145978156,-2144705574
14605710,-2145971591,-2144801321
14605710,-2145965026,-2144897068
14605710,-2145958461,-2144992815
14605710,-2145951896,-2145088562
14605710,-2145945331,-2145184309
14605710,-2145862377,-2144578427
14605710,-2145855812,-2144674174
14605710,-2145849247,-2144769921
14605710,-2145842682,-2144865668
14605710,-2145836117,-2144961415
14605710,-2145829552,-2145057162
14605710,-2145746598,-2144451280
14605710,-2145740033,-2144547027
14605710,-2145733468,-2144642774
14605710,-2145726903,-2144738521
14605710,-2145720338,-2144834268
14605710,-2145713773,-2144930015
14605710,-2145630819,-2145372709
14605710,-2145624254,-2144419880
14605710,-2145617689,-2144515627
14605710,-2145611124,-2144611374
14605710,-2145604559,-2144707121
14605710,-2145597994,-2144802868
14605710,-2145508475,-2145341309
14605710,-2145501910,-2144388480
14605710,-2145495345,-2144484227
14605710,-2145488780,-2144579974
14605710,-2145482215,-2144675721
14605710,-2145392696,-2145214162
14605710,14605721,14605734
14605710,14605722,14605735
14605710,14605723,14605736
14605710,14605724,14605737
14605710,14605725,14605738
14605710,14605726,14605739
14605710,14605727,14605740
14605710,14605728,14605741
14605710,14605729,14605742
14605710,14605730,14605743
14605710,14605731,14605744
14605710,14605732,14605745
14605711,-2146434707,-2145309909
14605711,-2146428142,-2144357080
14605711,-2146421577,-2144452827
14605711,-2146415012,-2144548574
14605711,-2146325493,-2145087015
14605711,-2146318928,-2145182762
14605711,-2146312363,-2145278509
14605711,-2146305798,-2145374256
14605711,-2146299233,-2144421427
14605711,-2146292668,-2144517174
14605711,-2146209714,-2144959868
14605711,-2146203149,-2145055615
14605711,-2146196584,-2145151362
14605711,-2146190019,-2145247109
14605711,-2146183454,-2145342856
14605711,-2146176889,-2144390027
14605711,-2146093935,-2144832721
14605711,-2146087370,-2144928468
14605711,-2146080805,-2145024215
14605711,-2146074240,-2145119962
14605711,-2146067675,-2145215709
14605711,-2146061110,-2145311456
14605711,-2145978156,-2144705574
14605711,-2145971591,-2144801321
14605711,-2145965026,-2144897068
14605711,-2145958461,-2144992815
14605711,-2145951896,-2145088562
14605711,-2145945331,-2145184309
14605711,-2145862377,-2144578427
14605711,-2145855812,-2144674174
14605711,-2145849247,-2144769921
14605711,-2145842682,-2144865668
14605711,-2145836117,-2144961415
14605711,-2145829552,-2145057162
14605711,-2145746598,-2144451280
14605711,-2145740033,-2144547027
14605711,-2145733468,-2144642774
14605711,-2145726903,-2144738521
14605711,-2145720338,-2144834268
14605711,-2145713773,-2144930015
14605711,-2145630819,-2145372709
14605711,-2145624254,-2144419880
14605711,-2145617689,-2144515627
14605711,-2145611124,-2144611374
14605711,-2145604559,-2144707121
14605711,-2145597994,-2144802868
14605711,-2145508475,-2145341309
14605711,-2145501910,-2144388480
14605711,-2145495345,-2144484227
14605711,-2145488780,-2144579974
14605711,-2145482215,-2144675721
14605711,-2145392696,-2145214162
14605711,14605721,14605734
14605711,14605722,14605735
14605711,14605723,14605736
14605711,14605724,14605737
14605711,14605725,14605738
14605711,14605726,14605739
14605711,14605727,14605740
14605711,14605728,14605741
14605711,14605729,14605742
14605711,14605730,14605743
14605711,14605731,14605744
14605711,14605732,14605745
14605712,-2146434707,-2145309909
14605712,-2146428142,-2144357080
14605712,-2146421577,-2144452827
14605712,-2146415012,-2144548574
14605712,-2146325493,-2145087015
14605712,-2146318928,-2145182762
14605712,-2146312363,-2145278509
14605712,-2146305798,-2145374256
14605712,-2146299233,-2144421427
14605712,-2146292668,-2144517174
14605712,-2146209714,-2144959868
14605712,-2146203149,-2145055615
14605712,-2146196584,-2145151362
14605712,-2146190019,-2145247109
14605712,-2146183454,-2145342856
14605712,-2146176889,-2144390027
14605712,-2146093935,-2144832721
14605712,-2146087370,-2144928468
14605712,-2146080805,-2145024215
14605712,-2146074240,-2145119962
14605712,-2146067675,-2145215709
14605712,-2146061110,-2145311456
14605712,-2145978156,-2144705574
14605712,-2145971591,-2144801321
14605712,-2145965026,-2144897068
14605712,-2145958461,-2144992815
14605712,-2145951896,-2145088562
14605712,-2145945331,-2145184309
14605712,-2145862377,-2144578427
14605712,-2145855812,-2144674174
14605712,-2145849247,-2144769921
14605712,-2145842682,-2144865668
14605712,-2145836117,-2144961415
14605712,-2145829552,-2145057162
14605712,-2145746598,-2144451280
14605712,-2145740033,-2144547027
14605712,-2145733468,-2144642774
14605712,-2145726903,-2144738521
14605712,-2145720338,-2144834268
14605712,-2145713773,-2144930015
14605712,-2145630819,-2145372709
14605712,-2145624254,-2144419880
14605712,-2145617689,-2144515627
14605712,-2145611124,-2144611374
14605712,-2145604559,-2144707121
14605712,-2145597994,-2144802868
14605712,-2145508475,-2145341309
14605712,-2145501910,-2144388480
14605712,-2145495345,-2144484227
14605712,-2145488780,-2144579974
14605712,-2145482215,-2144675721
14605712,-2145392696,-2145214162
14605712,14605721,14605734
14605712,14605722,14605735
14605712,14605723,14605736
14605712,14605724,14605737
14605712,14605725,14605738
14605712,14605726,14605739
14605712,14605727,14605740
14605712,14605728,14605741
14605712,14605729,14605742
14605712,14605730,14605743
14605712,14605731,14605744
14605712,14605732,14605745
14605713,-2146434707,-2145309909
14605713,-2146428142,-2144357080
14605713,-2146421577,-2144452827
14605713,-2146415012,-2144548574
14605713,-2146325493,-2145087015
14605713,-2146318928,-2145182762
14605713,-2146312363,-2145278509
14605713,-2146305798,-2145374256
14605713,-2146299233,-2144421427
14605713,-2146292668,-2144517174
14605713,-2146209714,-2144959868
14605713,-2146203149,-2145055615
14605713,-2146196584,-2145151362
14605713,-2146190019,-2145247109
14605713,-2146183454,-2145342856
14605713,-2146176889,-2144390027
14605713,-2146093935,-2144832721
14605713,-2146087370,-2144928468
14605713,-2146080805,-2145024215
14605713,-2146074240,-2145119962
14605713,-2146067675,-2145215709
14605713,-2146061110,-2145311456
14605713,-2145978156,-2144705574
14605713,-2145971591,-2144801321
14605713,-2145965026,-2144897068
14605713,-2145958461,-2144992815
14605713,-2145951896,-2145088562
14605713,-2145945331,-2145184309
14605713,-2145862377,-2144578427
14605713,-2145855812,-2144674174
14605713,-2145849247,-2144769921
14605713,-2145842682,-2144865668
14605713,-2145836117,-2144961415
14605713,-2145829552,-2145057162
14605713,-2145746598,-2144451280
14605713,-2145740033,-2144547027
14605713,-2145733468,-2144642774
14605713,-2145726903,-2144738521
14605713,-2145720338,-2144834268
14605713,-2145713773,-2144930015
14605713,-2145630819,-2145372709
14605713,-2145624254,-2144419880
14605713,-2145617689,-2144515627
14605713,-2145611124,-2144611374
14605713,-2145604559,-2144707121
14605713,-2145597994,-2144802868
14605713,-2145508475,-2145341309
14605713,-2145501910,-2144388480
14605713,-2145495345,-2144484227
14605713,-2145488780,-2144579974
14605713,-2145482215,-2144675721
14605713,-2145392696,-2145214162
14605713,14605721,14605734
14605713,14605722,14605735
14605713,14605723,14605736
14605713,14605724,14605737
14605713,14605725,14605738
14605713,14605726,14605739
14605713,14605727,14605740
14605713,14605728,14605741
14605713,14605729,14605742
14605713,14605730,14605743
14605713,14605731,14605744
14605713,14605732,14605745
14605714,-2146434707,-2145309909
14605714,-2146428142,-2144357080
14605714,-2146421577,-2144452827
14605714,-2146415012,-2144548574
14605714,-2146325493,-2145087015
14605714,-2146318928,-2145182762
14605714,-2146312363,-2145278509
14605714,-2146305798,-2145374256
14605714,-2146299233,-2144421427
14605714,-2146292668,-2144517174
14605714,-2146209714,-2144959868
14605714,-2146203149,-2145055615
14605714,-2146196584,-2145151362
14605714,-2146190019,-2145247109
14605714,-2146183454,-2145342856
14605714,-2146176889,-2144390027
14605714,-2146093935,-2144832721
14605714,-2146087370,-2144928468
14605714,-2146080805,-2145024215
14605714,-2146074240,-2145119962
14605714,-2146067675,-2145215709
14605714,-2146061110,-2145311456
14605714,-2145978156,-2144705574
14605714,-2145971591,-2144801321
14605714,-2145965026,-2144897068
14605714,-2145958461,-2144992815
14605714,-2145951896,-2145088562
14605714,-2145945331,-2145184309
14605714,-2145862377,-2144578427
14605714,-2145855812,-2144674174
14605714,-2145849247,-2144769921
14605714,-2145842682,-2144865668
14605714,-2145836117,-2144961415
14605714,-2145829552,-2145057162
14605714,-2145746598,-2144451280
14605714,-2145740033,-2144547027
14605714,-2145733468,-2144642774
14605714,-2145726903,-2144738521
14605714,-2145720338,-2144834268
14605714,-2145713773,-2144930015
14605714,-2145630819,-2145372709
14605714,-2145624254,-2144419880
14605714,-2145617689,-2144515627
14605714,-2145611124,-2144611374
14605714,-2145604559,-2144707121
14605714,-2145597994,-2144802868
14605714,-2145508475,-2145341309
14605714,-2145501910,-2144388480
14605714,-2145495345,-2144484227
14605714,-2145488780,-2144579974
14605714,-2145482215,-2144675721
14605714,-2145392696,-2145214162
14605714,14605721,14605734
14605714,14605722,14605735
14605714,14605723,14605736
14605714,14605724,14605737
14605714,14605725,14605738
14605714,14605726,14605739
14605714,14605727,14605740
14605714,14605728,14605741
14605714,14605729,14605742
14605714,14605730,14605743
14605714,14605731,14605744
14605714,14605732,14605745
14605715,-2146434707,-2145309909
14605715,-2146428142,-2144357080
14605715,-2146421577,-2144452827
14605715,-2146415012,-2144548574
14605715,-2146325493,-2145087015
14605715,-2146318928,-2145182762
14605715,-2146312363,-2145278509
14605715,-2146305798,-2145374256
14605715,-2146299233,-2144421427
14605715,-2146292668,-2144517174
14605715,-2146209714,-2144959868
14605715,-2146203149,-2145055615
14605715,-2146196584,-2145151362
14605715,-2146190019,-2145247109
14605715,-2146183454,-2145342856
14605715,-2146176889,-2144390027
14605715,-2146093935,-2144832721
14605715,-2146087370,-2144928468
14605715,-2146080805,-2145024215
14605715,-2146074240,-2145119962
14605715,-2146067675,-2145215709
14605715,-2146061110,-2145311456
14605715,-2145978156,-2144705574
14605715,-2145971591,-2144801321
14605715,-2145965026,-2144897068
14605715,-2145958461,-2144992815
14605715,-2145951896,-2145088562
14605715,-2145945331,-2145184309
14605715,-2145862377,-2144578427
14605715,-2145855812,-2144674174
14605715,-2145849247,-2144769921
14605715,-2145842682,-2144865668
14605715,-2145836117,-2144961415
14605715,-2145829552,-2145057162
14605715,-2145746598,-2144451280
14605715,-2145740033,-2144547027
14605715,-2145733468,-2144642774
14605715,-2145726903,-2144738521
14605715,-2145720338,-2144834268
14605715,-2145713773,-2144930015
14605715,-2145630819,-2145372709
14605715,-2145624254,-2144419880
14605715,-2145617689,-2144515627
14605715,-2145611124,-2144611374
14605715,-2145604559,-2144707121
14605715,-2145597994,-2144802868
14605715,-2145508475,-2145341309
14605715,-2145501910,-2144388480
14605715,-2145495345,-2144484227
14605715,-2145488780,-2144579974
14605715,-2145482215,-2144675721
14605715,-2145392696,-2145214162
14605715,14605721,14605734
14605715,14605722,14605735
14605715,14605723,14605736
14605715,14605724,14605737
14605715,14605725,14605738
14605715,14605726,14605739
14605715,14605727,14605740
14605715,14605728,14605741
14605715,14605729,14605742
14605715,14605730,14605743
14605715,14605731,14605744
14605715,14605732,14605745
14605716,-2146434707,-2145309909
14605716,-2146428142,-2144357080
14605716,-2146421577,-2144452827
14605716,-2146415012,-2144548574
14605716,-2146325493,-2145087015
14605716,-2146318928,-2145182762
14605716,-2146312363,-2145278509
14605716,-2146305798,-2145374256
14605716,-2146299233,-2144421427
14605716,-2146292668,-2144517174
14605716,-2146209714,-2144959868
14605716,-2146203149,-2145055615
14605716,-2146196584,-2145151362
14605716,-2146190019,-2145247109
14605716,-2146183454,-2145342856
14605716,-2146176889,-2144390027
14605716,-2146093935,-2144832721
14605716,-2146087370,-2144928468
14605716,-2146080805,-2145024215
14605716,-2146074240,-2145119962
14605716,-2146067675,-2145215709
14605716,-2146061110,-2145311456
14605716,-2145978156,-2144705574
14605716,-2145971591,-2144801321
14605716,-2145965026,-2144897068
14605716,-2145958461,-2144992815
14605716,-2145951896,-2145088562
14605716,-2145945331,-2145184309
14605716,-2145862377,-2144578427
14605716,-2145855812,-2144674174
14605716,-2145849247,-2144769921
14605716,-2145842682,-2144865668
14605716,-2145836117,-2144961415
14605716,-2145829552,-2145057162
14605716,-2145746598,-2144451280
14605716,-2145740033,-2144547027
14605716,-2145733468,-2144642774
14605716,-2145726903,-2144738521
14605716,-2145720338,-2144834268
14605716,-2145713773,-2144930015
14605716,-2145630819,-2145372709
14605716,-2145624254,-2144419880
14605716,-2145617689,-2144515627
14605716,-2145611124,-2144611374
14605716,-2145604559,-2144707121
14605716,-2145597994,-2144802868
14605716,-2145508475,-2145341309
14605716,-2145501910,-2144388480
14605716,-2145495345,-2144484227
14605716,-2145488780,-2144579974
14605716,-2145482215,-2144675721
14605716,-2145392696,-2145214162
14605716,14605721,14605734
14605716,14605722,14605735
14605716,14605723,14605736
14605716,14605724,14605737
14605716,14605725,14605738
14605716,14605726,14605739
14605716,14605727,14605740
14605716,14605728,14605741
14605716,14605729,14605742
14605716,14605730,14605743
14605716,14605731,14605744
14605716,14605732,14605745
14605717,-2146434707,-2145309909
14605717,-2146428142,-2144357080
14605717,-2146421577,-2144452827
14605717,-2146415012,-2144548574
14605717,-2146325493,-2145087015
14605717,-2146318928,-2145182762
14605717,-2146312363,-2145278509
14605717,-2146305798,-2145374256
14605717,-2146299233,-2144421427
14605717,-2146292668,-2144517174
14605717,-2146209714,-2144959868
14605717,-2146203149,-2145055615
14605717,-2146196584,-2145151362
14605717,-2146190019,-2145247109
14605717,-2146183454,-2145342856
14605717,-2146176889,-2144390027
14605717,-2146093935,-2144832721
14605717,-2146087370,-2144928468
14605717,-2146080805,-2145024215
14605717,-2146074240,-2145119962
14605717,-2146067675,-2145215709
14605717,-2146061110,-2145311456
14605717,-2145978156,-2144705574
14605717,-2145971591,-2144801321
14605717,-2145965026,-2144897068
14605717,-2145958461,-2144992815
14605717,-2145951896,-2145088562
14605717,-2145945331,-2145184309
14605717,-2145862377,-2144578427
14605717,-2145855812,-2144674174
14605717,-2145849247,-2144769921
14605717,-2145842682,-2144865668
14605717,-2145836117,-2144961415
14605717,-2145829552,-2145057162
14605717,-2145746598,-2144451280
14605717,-2145740033,-2144547027
14605717,-2145733468,-2144642774
14605717,-2145726903,-2144738521
14605717,-2145720338,-2144834268
14605717,-2145713773,-2144930015
14605717,-2145630819,-2145372709
14605717,-2145624254,-2144419880
14605717,-2145617689,-2144515627
14605717,-2145611124,-2144611374
14605717,-2145604559,-2144707121
14605717,-2145597994,-2144802868
14605717,-2145508475,-2145341309
14605717,-2145501910,-2144388480
14605717,-2145495345,-2144484227
14605717,-2145488780,-2144579974
14605717,-2145482215,-2144675721
14605717,-2145392696,-2145214162
14605717,14605721,14605734
14605717,14605722,14605735
14605717,14605723,14605736
14605717,14605724,14605737
14605717,14605725,14605738
14605717,14605726,14605739
14605717,14605727,14605740
14605717,14605728,14605741
14605717,14605729,14605742
14605717,14605730,14605743
14605717,14605731,14605744
14605717,14605732,14605745
14605718,-2146434707,-2145309909
14605718,-2146428142,-2144357080
14605718,-2146421577,-2144452827
14605718,-2146415012,-2144548574
14605718,-2146325493,-2145087015
14605718,-2146318928,-2145182762
14605718,-2146312363,-2145278509
14605718,-2146305798,-2145374256
14605718,-2146299233,-2144421427
14605718,-2146292668,-2144517174
14605718,-2146209714,-2144959868
14605718,-2146203149,-2145055615
14605718,-2146196584,-2145151362
14605718,-2146190019,-2145247109
14605718,-2146183454,-2145342856
14605718,-2146176889,-2144390027
14605718,-2146093935,-2144832721
14605718,-2146087370,-2144928468
14605718,-2146080805,-2145024215
14605718,-2146074240,-2145119962
14605718,-2146067675,-2145215709
14605718,-2146061110,-2145311456
14605718,-2145978156,-2144705574
14605718,-2145971591,-2144801321
14605718,-2145965026,-2144897068
14605718,-2145958461,-2144992815
14605718,-2145951896,-2145088562
14605718,-2145945331,-2145184309
14605718,-2145862377,-2144578427
14605718,-2145855812,-2144674174
14605718,-2145849247,-2144769921
14605718,-2145842682,-2144865668
14605718,-2145836117,-2144961415
14605718,-2145829552,-2145057162
14605718,-2145746598,-2144451280
14605718,-2145740033,-2144547027
14605718,-2145733468,-2144642774
14605718,-2145726903,-2144738521
14605718,-2145720338,-2144834268
14605718,-2145713773,-2144930015
14605718,-2145630819,-2145372709
14605718,-2145624254,-2144419880
14605718,-2145617689,-2144515627
14605718,-2145611124,-2144611374
14605718,-2145604559,-2144707121
14605718,-2145597994,-2144802868
14605718,-2145508475,-2145341309
14605718,-2145501910,-2144388480
14605718,-2145495345,-2144484227
14605718,-2145488780,-2144579974
14605718,-2145482215,-2144675721
14605718,-2145392696,-2145214162
14605718,14605721,14605734
14605718,14605722,14605735
14605718,14605723,14605736
14605718,14605724,14605737
14605718,14605725,14605738
14605718,14605726,14605739
14605718,14605727,14605740
14605718,14605728,14605741
14605718,14605729,14605742
14605718,14605730,14605743
14605718,14605731,14605744
14605718,14605732,14605745
14605719,-2146434707,-2145309909
14605719,-2146428142,-2144357080
14605719,-2146421577,-2144452827
14605719,-2146415012,-2144548574
14605719,-2146325493,-2145087015
14605719,-2146318928,-2145182762
14605719,-2146312363,-2145278509
14605719,-2146305798,-2145374256
14605719,-2146299233,-2144421427
14605719,-2146292668,-2144517174
14605719,-2146209714,-2144959868
14605719,-2146203149,-2145055615
14605719,-2146196584,-2145151362
14605719,-2146190019,-2145247109
14605719,-2146183454,-2145342856
14605719,-2146176889,-2144390027
14605719,-2146093935,-2144832721
14605719,-2146087370,-2144928468
14605719,-2146080805,-2145024215
14605719,-2146074240,-2145119962
14605719,-2146067675,-2145215709
14605719,-2146061110,-2145311456
14605719,-2145978156,-2144705574
14605719,-2145971591,-2144801321
14605719,-2145965026,-2144897068
14605719,-2145958461,-2144992815
14605719,-2145951896,-2145088562
14605719,-2145945331,-2145184309
14605719,-2145862377,-2144578427
14605719,-2145855812,-2144674174
14605719,-2145849247,-2144769921
14605719,-2145842682,-2144865668
14605719,-2145836117,-2144961415
14605719,-2145829552,-2145057162
14605719,-2145746598,-2144451280
14605719,-2145740033,-2144547027
14605719,-2145733468,-2144642774
14605719,-2145726903,-2144738521
14605719,-2145720338,-2144834268
14605719,-2145713773,-2144930015
14605719,-2145630819,-2145372709
14605719,-2145624254,-2144419880
14605719,-2145617689,-2144515627
14605719,-2145611124,-2144611374
14605719,-2145604559,-2144707121
14605719,-2145597994,-2144802868
14605719,-2145508475,-2145341309
14605719,-2145501910,-2144388480
14605719,-2145495345,-2144484227
14605719,-2145488780,-2144579974
14605719,-2145482215,-2144675721
14605719,-2145392696,-2145214162
14605719,14605721,14605734
14605719,14605722,14605735
14605719,14605723,14605736
14605719,14605724,14605737
14605719,14605725,14605738
14605719,14605726,14605739
14605719,14605727,14605740
14605719,14605728,14605741
14605719,14605729,14605742
14605719,14605730,14605743
14605719,14605731,14605744
14605719,14605732,14605745
